,title,keywords,entity
0,仅需1/5成本：TPU是如何超越GPU，成为深度学习首选处理器的,"tpu,处理器,gpu,深度,cpu",
1,二十一世纪计算 | John Hopcroft：AI革命,"hopcroft,二十一,john,ai,权重",权重
2,想入门设计卷积神经网络？这是一份综合设计指南,"卷积,入门,神经网络,准确率,cnn","卷积,神经网络,准确率"
3,官宣：一不小心我们刷了个第一，这次是ReID跨镜跟踪算法,"reid,跨镜,一不小心,官宣,算法",
4,经济学人: Arm，孙正义手中的这只水晶球正在帮助他预测未来,"arm,孙正义,水晶球,手中,预测",
5,专访Facebook人工智能实验室负责人Yann LeCun：错过DeepMind也不算一件坏事,"facebook,lecun,不算,yann,deepmind",deepmind
6,金融科技领域不可错过的五大创新应用,"科技领域,金融,五大,应用,无人机",无人机
7,DARPA神经领域新项目：提高突触可塑性，加速学习,"darpa,突触,外周,tnt,认知技能",
8,搜索一次就够了：中科院 & 图森提出通过稀疏优化进行一次神经架构搜索,"就够,中科院,图森,优化,提出",
9,The Void - 娱乐科技化的先锋,"void,the,科技化,等州,雨淋",
10,狗尾草科技获1.5亿元A+轮融资，推动AI虚拟生命战略,"15,亿元,融资,科技,ai",
11,中文语义依存分析—通往中文语义理解的一条蹊径,"中文,sdp,bh,句法结构,张三",
12,AI“英文教师”进驻日本课堂，国民却“不买账”,"日本,不买账,ai,机器人,教育",
13,32分钟训练神经机器翻译，速度提升45倍,"45,32,机器翻译,nmt,模型",机器翻译
14,对偶学习：一种新的机器学习范式,"范式,小明,中文,游戏,爱丽丝",
15,戴姆勒或与吉利在华成立网约车合资公司 争抢万亿共享出行蛋糕,"戴姆勒,网约车,万亿,汽车,2030",
16,无需复杂深度学习算法，基于计算机视觉使用Python和OpenCV计算道路交通,"道路交通,opencv,计算机,python,视觉",opencv
17,深度聚焦ACL 2017三大研究领域,"acl,三大,2017,深度,神经网络",神经网络
18,剖析用于深度学习的硬件：GPU、FPGA、ASIC和DSP,"dsp,fpga,asic,gpu,硬件",
19,天池大数据竞赛第一名，上海交通大学人工智能实验室如何用AI定位肺结节,"天池,上海交通大学,第一名,竞赛,数据",上海交通大学
20,WIFI信号+深度学习，MIT 可穿墙透视评估人体姿态,"穿墙,评估,wifi,mit,深度",
21,知识图谱在互联网金融行业的应用,"图谱,金融,互联网,应用,借款人",
22,机器之心深度研学社每周干货：2016年第44周,"44,每周,干货,2016,之心",
23,为什么我们都要关注CVPR2018？阿里腾讯都往里冲，四小龙获得巨额融资,"四小龙,往里,cvpr2018,阿里,融资",
24,将科幻变成现实，用神经机器翻译践行人类的「巴别塔之梦」,"机器翻译,巴别,科幻,塔之梦,百度",机器翻译
25,GMIS 2017 大会陈雨强演讲：机器学习模型，宽与深的大战,"陈雨强,模型,gmis,演讲,2017",
26,群雄逐鹿光刻圈,"光刻,群雄逐鹿,光刻机,euv,7nm",
27,"王劲? 竞业协议? 跳槽? 几个AI程序猿的真实想法, 我们用美图Andy画了出来","andy,用美图,竞业,王劲,几个",
28,ROTK！OpenAI对战中国Dota2大神再次惨败,"openai,rotk,dota2,对战,大神",openai
29,详解指针生成网络：自动生成长段文本的抽象摘要,"摘要,germany,beat,解码器,序列",
30,『深度长文』Tensorflow代码解析（二）,"长文,代码,tensorflow,深度,chunk",tensorflow
31,Ian Goodfellow专访：我为什么可以在一夜之间创建GAN,"goodfellow,ian,一夜之间,gan,专访",
32,当代最伟大数学家讲述二十世纪的数学,"二十世纪,数学家,数学,李群,理论",
33,神经科学引发的哲学问题,"哲学,神经科学,深部,对脑,tourette",神经科学
34,十七位杰出机器人学家为谷歌机器人业务支招，你有何高见？,"机器人,十七位,有何高见,学家,支招",
35,出门问问：推出虚拟个人助理，永远做有价值的产品_copy_copy_copy_copy,"copy,问问,产品,智能,车载",
36,首届「AIIA 杯」人工智能巡回赛即将启航，有航天科工、国家电网、百度、浙大一附院，中国联通&腾讯五个赛区,"巡回赛,中国联通,科工,附院,aiia",
37,人工智能解开再生医学百年谜题,"解开,谜题,人工智能,涡虫,莱文",人工智能
38,打假保卫战中，AI到底是敌还是友？,"保卫战,ai,rdquo,ldquo,假货",
39,手把手教你如何组合在线学习：实时反馈玩转组合优化,"玩转,优化,多臂,combinatorial,超臂",
40,CES2019即将开幕，倒计时前一天大公司都在干什么？,"干什么,前一天,ces2019,lg,见面会",
41,对话闵万里：智慧杭州造城记,"万里,造城记,城市,et,数据",
42,AI基础教材进高中，商汤参与编著、40多所学校跟进使用,"教材,商汤,多所,40,ai",
43,优必选科技携手天猫发布Alpha 1P 提前布局“双11”,"1p,alpha,必选,天猫,11",
44,机器之心全球招聘：机器智能的「坑」，你要入吗？,"招聘,之心,智能,工作,活动",
45,CES 2019 AI科技新亮点 （1）,"ces,新亮点,2019,科技,ai",
46,计算图上的微积分：Backpropagation,"图上,backpropagation,微积分,导数,微分","微积分,导数"
47,文本舆情挖掘的技术探索和实践,"技术,观点,颖宝,rdquo,ldquo",
48,让机器耳濡目染：MIT提出跨模态机器学习模型,"模态,mit,模型,提出,不变性",
49,世界排名114位的小国丹麦，却要做欧洲机器人产业的领头羊,"丹麦,领头羊,世界排名,小国,114",
50,使用深度学习进行医疗影像分析：文件格式篇,"文件格式,医疗,深度,nbsp,dicom",
51,通过Crowd Layer，利用众包标注数据集进行深度学习,"众包,crowd,layer,数据,深度",
52,对比激光SLAM与视觉SLAM：谁会成为未来主流趋势？,"slam,趋势,视觉,vslam,地图",
53,当人工智能具备遗忘的能力,"人工智能,一型,无人机,机器人,技术","人工智能,无人机"
54,发文最多的机构与作者是谁？2018 ML和NLP学术会议统计,"最多,ml,学术会议,nlp,2018",
55,一文读懂Apache Flink技术,"flink,apache,读懂,技术,state",
56,用GAN自动生成法线贴图，让图形设计更轻松,"法线,贴图,gan,掩模,真值",
57,老年人的生活助手、情感依靠：9102年的机器人居然如此有才,"9102,机器人,lovot,ta,2019",
58,揭开知识库问答KB-QA的面纱1·简介篇,"知识库,kb,qa,问答,freebase",知识库
59,机器之心线上分享：用于序列生成的推敲网络,"之心线,序列,解码器,编码器,deliberation",
60,智能音箱进入深水区：年末用户量将突破1亿 国内阿里小米百度三足鼎立,"小米,用户量,深水,阿里,智能",
61,通过全新学习和推断机制提升seq2seq 模型的语法改错性能,"seq2seq,模型,boost,conll,jfleg",seq2seq
62,人工智能硬件创业不能遗忘的4S机遇,"4s,硬件,人工智能,reference,scalable",人工智能
63,DanceNet：帮你生成会跳舞的小姐姐,"dancenet,小姐姐,amp,shape,size",
64,"经济学人「AI商用」特辑一: AI并购金额两年猛增26倍, 中国对隐私关注度逊于西方","隐私,关注度,26,逊于,ai",
65,哈佛大学开发出既能飞翔又能潜水的两栖机器人蜜蜂,"哈佛大学,机器人,水中,seas,交通工具",
66,中星微NPU：中国芯任重而道远，媒体捧杀可以休矣！,"中星微,npu,中国芯,任重而道远,simd",
67,雨天美图大法：单图去雨的RESCAN新方式,"单图,rescan,雨滴,除雨,卷积",卷积
68,地平线机器人杨铭：深度神经网络在图像识别应用中的演化,"杨铭,地平线,图像识别,神经网络,应用","地平线,神经网络"
69,李广益：凡尔纳的中国旅途,"凡尔纳,广益,中国,鲁迅,科学",
70,YodaNN：一个用于超低功耗二值卷积神经网络加速的框架,"yodann,二值,低功耗,卷积,框架",卷积
71,用深度学习网络搭建一个聊天机器人(下篇),"下篇,机器人,深度,utterance,context",
72,机器之心深度研学社每周干货：2017年第18周,"18,每周,干货,之心,2017",
73,Texture：一个优雅的开源学术论文书写工具,"texture,学术论文,开源,substance,latex",
74,超想去某AI公司？简历再好都不如给“准东家”私人定制一份机器学习项目！,"超想,ai,ron,alex,面试",
75,词错率2.97%：云从科技刷新语音识别世界纪录,"297,词错,世界纪录,科技,fsmn",
76,依图医疗方骢：AI能力的进阶将发生在医疗领域,"医疗,依图,方骢,进阶,ai",
77,图灵测试寿终正寝，我们该如何评测人工智能？,"图灵,测试,评测,人工智能,winograd",人工智能
78,中国市场首发可预约，苹果发布的Mac和iPad产品线能否力挽狂澜？,"ipad,mac,产品线,苹果,中国",
79,伯克利与OpenAI整合强化学习与GAN：让智能体学习自动发现目标,"gan,openai,伯克利,智能,goal",openai
80,ICML 2018大奖出炉：伯克利、MIT获最佳论文，复旦大学榜上有名,"复旦大学,获最佳,榜上有名,icml,伯克利",复旦大学
81,云从科技完成B+轮融资，多个国家基金进入,"多个,融资,科技,技术,人脸识别",人脸识别
82,三星C-Lab 8 大 AI项目亮相CES 2019,"三星,ces,2019,lab,ai",
83,微软亚洲研究院CVPR 2017 Oral论文：逐层集中Attention的卷积模型,"attention,oral,逐层,cvpr,卷积",卷积
84,别只盯着谷歌亚马逊，美国国安局才是声纹识别的「无形之手」,"声纹识别,国安局,之手,美国,亚马逊",
85,基于多篇章多答案的阅读理解系统,"系统,模型,rouge,参考答案,bidaf",
86,【日报·精选】超级高铁5年后建成、一亿美元探索宇宙、新华社部署新闻机器人,"高铁,新华社,建成,宇宙,亿美元",
87,【一周·精选】前沿科技领域不可错过的14篇优质文章,"14,科技领域,一周,人工智能,亿航",人工智能
88,借助人工智能，百度推进医疗业务,"医疗,百度,人工智能,580,沃森",人工智能
89,人工智能潮起，公募固收圈编程学习热,"公募,编程,固收圈,潮起,学习热",
90,MIT与Facebook提出SLAC：用于动作分类和定位的稀疏标记数据集,"slac,分类,mit,facebook,数据",
91,NIPS 2018：作为多目标优化的多任务学习：寻找帕累托最优解,"帕累托,多任务,最优,优化,nips",
92,为什么你手机上的人工智能是个女声？,"人工智能,女性,心理学,siri,第一部",人工智能
93,Nature论文解读：用于改善加权生物网络信噪比的网络增强方法,"信噪比,nature,生物,论文,ne",
94,「算法＋人工」：Spotify是这样征服你耳朵的,"spotify,征服,算法,音乐,歌单",
95,高季尧：定制化优化算法的应用与威力（附PPT）,"高季尧,ppt,优化,算法,应用",
96,出门问问：推出虚拟个人助理，永远做有价值的产品,"问问,产品,智能,车载,ticwatch",
97,利用VR/AR进行建筑设计是一种什么样的体验？,"vr,建筑设计,ar,rhino,系统",
98,【日报】谷歌无人驾驶符合联邦法律 、物联网普及率谁最高,"法律,无人驾驶,日报,谷歌,rpu",
99,"你好, 人工智能分子; 你好, 虚伪弱智时代 | 特写","你好,人工智能,nbsp,jim,predata",人工智能
100,通过提取神经元知识实现人脸模型压缩：MobileID可在移动设备上快速运行,"mobileid,人脸,神经元,实现,模型",神经元
101,IBM认知白皮书：通往智慧之路,"ibm,watson,系统,jeopardy,数据",
102,阿里重磅开源！4000台服务器真实数据集，揭秘世界级数据中心,"4000,数据中心,世界级,阿里,数据",
103,周明：如果用一个词形容NLP圈的2017，我选「想象」| 人物对话,"周明,我选,人物,nlp,2017",
104,看见不可见之物：大脑植入物让老鼠看见红外线,"植入物,之物,红外,红外光,感知",感知
105,手把手教你运用深度学习构建视频人脸识别模型(Python实现),"人脸识别,python,视频,实现,模型",人脸识别
106,Petuum提出对偶运动生成对抗网络：可合成逼真的视频未来帧和流,"petuum,视频,提出,预测,鉴别器",petuum
107,生物神经网络基础：从脉冲放电神经元谈起,"神经元,谈起,生物,神经网络,分岔","神经元,神经网络"
108,特朗普的阴影下，人工智能将如何变革华尔街？,"华尔街,特朗普,人工智能,交易员,对冲",人工智能
109,CES以色列热门初创 : 会飞的汽车、颠覆性3D建模、机器人用户识别、自动驾驶“千里眼”,"会飞,以色列,颠覆性,ces,建模",
110,英伟达总监Soma Velayutham：AI在5G时代将带来哪些变革？,"soma,5g,velayutham,带来,伟达",
111,人工智能的突破需要颠覆图灵机吗？,"图灵机,人工智能,计算机,诺依曼,图灵","图灵机,人工智能"
112,意念控制特斯拉，美国黑客新玩法,"特斯拉,玩法,黑客,美国,spencer",
113,COLING 2018 面向任务型对话中基于对话状态表示的序列到序列学习,"序列,coling,2018,模型,知识库",知识库
114,百年前，特斯拉预言女性将借助技术崛起,"女性,特斯拉,技术,雄峰,蜂后",
115,经典论文复现 | 基于标注策略的实体和关系联合抽取,"复现,论文,39,quot,dict",
116,机器之心深度研学社每周干货：2017年第8周,"每周,干货,之心,2017,深度",
117,多才多艺的人形机器人Walk-Man不仅会开车，还能救人,"walk,man,人形,救人,机器人",
118,WorldQuant因子分析复现,"worldquant,因子分析,复现,收益率,close",因子分析
119,为何京东、网易智能音箱团队相继解散？,"网易,京东,智能,灵隆,锐见",网易
120,AI和5G都将经历发展的振荡期，芯片企业如何应对？,"5g,企业,芯片,ai,展锐",
121,《自然》子刊：准确率超90%，用手机在家就可以检测HIV！,"hiv,子刊,准确率,90,艾滋病毒",准确率
122,处理移动端传感器时序数据的深度学习框架：DeepSense,"deepsense,传感器,框架,数据,深度",
123,Power 9带来的高维度打击：浪潮揭秘「全球最强 AI 服务器」,"power,浪潮,维度,最强,带来",
124,京东数据库智能运维平台建设之路,"数据库,运维,京东,平台,智能",
125,人工智能正在为人类创造三种新工作,"工作,人工智能,算法,设计模式,知识型",人工智能
126,DeepMind创始人：是时候谈谈人工智能的伦理了,"伦理,谈谈,创始人,deepmind,人工智能","deepmind,人工智能"
127,从传统方法到深度学习，目标跟踪方法的发展概述,"深度,检测器,tld,meanshift,专栏",
128, “抢占心智”水土不服，智能营销3.0破局车市营销?,"心智,水土不服,30,破局,智能",
129,John Krafcik：带领Waymo拉开自动驾驶时代序幕的人,"krafcik,waymo,john,汽车,无人驾驶",waymo
130,下一代医院信息平台要解决什么痛点？三甲医院、阿里云、医惠科技的专家PANEL这么看,"医院,医惠,三甲,panel,痛点",
131,信通院2018人工智能发展白皮书技术篇重磅发布,"信通,技术,2018,人工智能,报告",人工智能
132,GMIS 2017 嘉宾 Jessica Coon：《降临》中的外星人、田野调查和通用语法_copy_copy_copy_copy_copy_copy,"copy,coon,jessica,外星人,gmis",
133,51VR发布无人驾驶仿真平台51Sim-One，聚焦L3-L4仿真领域,"51vr,51sim,one,l3,l4",51vr
134,正则表达式的功法大全，做NLP再也不怕搞不定字符串了,"字符串,正则表达式,再也,功法,搞不定",
135,初学TensorFlow机器学习：如何实现线性回归？,"回归,tensorflow,实现,train,拟合",tensorflow
136,机器学习需要哪些数学基础？,"数学,suoim,http,线性代数,algebra",
137,AI 创造艺术风格化：从图片到视频,"风格化,艺术,视频,ai,基元",
138,小心训练模型，数据少也可以玩转深度学习,"玩转,模型,数据,深度,leekasso",
139,突发！英特尔CEO科再奇辞职，CFO Robert Swan临时接手,"swan,cfo,robert,科再奇,ceo",
140,简单易用NLP框架Flair发布新版本！（附教程）,"flair,易用,教程,框架,nlp",
141,GPU让小鼠大脑模拟再上台阶：功耗仅有超级计算机的十分之一,"模拟,小鼠,十分之一,超级计算机,功耗",
142,机器学习在美团配送系统的实践：用技术还原真实世界,"美团,真实世界,系统,技术,数据",
143,争议 | AI对人类的生存有威胁吗？,"ai,人工智能,伊隆,机器人,tay",人工智能
144,个性化医疗让治疗变得更加复杂？,"变得,医疗,心脏病,tinetti,想要",
145,探索Siri背后的技术：将逆文本标准化（ITN）转化为标签问题,"itn,siri,技术,fst,序列",
146,18000块GPU的深度学习机器：橡树岭实验室即将推出Summit超级计算机,"超级计算机,summit,18000,gpu,深度",
147,圣诞来临，AI 请你来听它创作的歌曲 | 一周 AI 新闻,"一周,ai,reben,mit,内爆",
148,ECCV 2016 最佳论文新鲜出炉,"新鲜出炉,eccv,2016,论文,灰度",
149,PyTorch经验指南：技巧与陷阱,"pytorch,39,张量,default,train",张量
150,微软发布深度学习工具包CNTK 2.0正式版,"cntk,正式版,工具包,20,微软",
151,未来的机器学习系统，IBM沃森和亚马逊谁能一马当先,"沃森,ibm,亚马逊,系统,gold",
152,早发现早治疗：AI为阿尔兹海默病人争取了6年的治疗时间,"阿尔兹,海默病,ai,sohn,pet",
153,斯坦福论文：马尔可夫链的生成对抗式学习,"马尔可夫,斯坦福,论文,pd,xt",
154,小米电视4正式发布，推出人工智能开放平台,"小米,电视,开放平台,人工智能,王川",人工智能
155,人脸识别的简要介绍（附实例、Python代码）,"人脸识别,python,代码,matched,image",人脸识别
156,真实信息发现任务及方法介绍,"信息源,记忆,数据,nbsp,模型",
157,训练神经网络时如何确定batch size？,"batch,size,神经网络,鞍点,参数","batch,神经网络,参数"
158,CVPR PAMI青年研究员奖得主Andreas Geiger：自动驾驶中的计算机视觉,"geiger,andreas,pami,奖得主,视觉",
159,美国中佛罗里达大学王中庆教授：智能化建模是包含自动化的一种新的方式,"建模,王中庆,佛罗里达,自动化,美国",
160,ECCV 2018 | GANimation让图片秒变GIF表情包，秒杀StarGAN,"stargan,ganimation,gif,秒杀,eccv",
161,人工智能到底会以何种形式干扰你的生活？,"何种,会以,人工智能,will,data",人工智能
162,万用翻译器之梦：机器翻译将走向何方？,"翻译器,万用,何方,之梦,机器翻译",机器翻译
163,如何使用TensorFlow实现音频分类任务,"音频,分类,tensorflow,实现,8m",tensorflow
164,AI 助力用户体验，快手「萌面 Kmoji」全揭秘,"快手,萌面,kmoji,助力,ai",
165,赛尔推荐 | 第27期,"27,赛尔,图谱,embedding,chunk",
166,如何在TensorFlow中高效使用数据集,"tensorflow,数据,dataset,nprandomsample,iterator",tensorflow
167,深度特征合成：自动化特征工程的运作机制,"工程,自动化,深度,dfs,基元",
168,"「我们只投这两种AI公司」, 三位局内人首次公开AI投资的技术与产业标准","三位,产业,投资,ai,技术",
169,几张贴纸就让神经网络看不懂道路标志，伯克利为真实环境生成对抗样本,"贴纸,看不懂,几张,就让,伯克利",
170,机器之心深度研学社每周干货：2016年第49周,"49,每周,干货,2016,之心",
171,从基础到实现：集成学习综合教程（附Python代码）,"教程,代码,python,实现,train",
172,机器之心「AI00」一月榜单：前谷歌自动驾驶首席工程师创立Nuro,"nuro,前谷歌,一月,ai00,榜单",
173,深鉴进军自动驾驶领域：芯片的商业模式很像创造101，但「我的业务永远在这块板子上」,"深鉴,这块,101,商业模式,芯片",
174,Yoshua Bengio论文：Mollifying Networks,"mollifying,networks,bengio,yoshua,论文",
175,芯片群侠传（一）：飞利浦TDA7000调频接收芯片,"芯片,tda7000,飞利浦,群侠传,rumpt",
176,李彦宏秀了「百度食堂」后，没想到比Echo还贵的智能音箱登场了,"李彦宏,百度,没想到,还贵,echo",
177,技术解读 | 基于fastText和RNN的语义消歧实战,"fasttext,消歧,rnn,技术,候选词",fasttext
178,"2022年, 将有7500 万个岗位因机器而流失 | 未来就业报告","2022,就业,万个,7500,报告",
179,如何转行成为一名数据科学家？,"科学家,数据,课程,科学,训练营",
180,人脸识别三大经典算法（附经典论文列表）,"列表,三大,人脸识别,算法,论文",人脸识别
181,如何判断LSTM模型中的过拟合和欠拟合,"拟合,lstm,模型,seq,validation",
182,Gill Pratt：丰田AI项目的目标是永远不会肇事的汽车,"丰田,pratt,gill,汽车,ai",
183,不是挖矿！这台比特币电脑要做什么？,"比特,这台,挖矿,21,caption",
184,机器翻译七十年：百度领跑神经网络翻译时代,"七十年,百度,机器翻译,神经网络,nmt","机器翻译,神经网络"
185,MIT提出生成式压缩：使用生成式模型高效压缩图像与视频数据,"生成式,mit,视频,数据,模型",
186,微软押注机器学习，将为社会带来什么技术红利？,"押注,带来,微软,技术,安得拉邦",
187,【日报·精选】Siri控制汽车、蜂蜜机器人雷达助力无人驾驶,"siri,助力,汽车,无人驾驶,日报",
188,观察运动推断物体材料，MIT 提出「视觉+运动」物理基元分解,"基元,物理,mit,视觉,提出",
189,2017年的10大AI顶会，风起云涌的故事 | 机器之心年度盘点,"顶会,盘点,10,2017,之心",
190,探秘谷歌新闻实验室，新闻可视化的背后有哪些奥秘,"可视化,谷歌,rogers,恐怖袭击,roger",
191,「摇晃」樱桃树、采摘西红柿、抓起小树莓，AI时代的农业机器人要上天了,"农业,樱桃树,抓起,树莓,机器人",
192,谷歌提出以无监督方式从单目视频中学习的结构化方法（附开源代码）,"单目,附开,源代码,结构化,视频",
193,【日报】人工智能两大新应用、虚拟现实带你进入新世界,"两大新,新世界,虚拟现实,日报,应用",虚拟现实
194,人工智能和大数据是如何联系在一起的？,"数据,人工智能,技术,模式识别,图论","人工智能,模式识别,图论"
195,深度学习和几何（演讲提要）,"演讲,深度,流形,映射,老顾",映射
196,AliExpress：在检索式问答系统中应用迁移学习,"aliexpress,问答,系统,应用,协方差",
197,OpenAI新研究发现无监督情感神经元：可直接调控生成文本的情感,"神经元,openai,sentiment,模型,neuron","神经元,openai"
198,既想吸猫又不想当猫奴？这款治愈系的机器人或许会适合你,"治愈,当猫,想吸,不想,机器人",
199,除了谷歌的TensorFlow，还有哪些开源机器学习项目值得mark？,"mark,tensorflow,开源,谷歌,hadoop",tensorflow
200,经验之谈：如何为你的机器学习问题选择合适的算法？,"经验之谈,算法,聚类,分类,回归",
201,哲学家丹尼尔·丹尼特论人工智能、机器人与宗教,"丹尼,哲学家,宗教,丹尼尔,特论",
202,遗传算法的基本概念和实现（附 Java 实现案例）,"实现,遗传算法,基本概念,java,individual",遗传算法
203,在无人驾驶汽车普及之前，车联网都是扯淡,"汽车,无人驾驶,安吉,车载,客服",
204,AI在未来的工厂中的应用,"应用,ai,mdash,比方说,用例",
205,Google VS Amazon：“谷亚大战”愈演愈烈 双方互变最强劲对手,"amazon,google,互变,vs,谷亚",
206,你可能不再需要Attention：这是一个贼简单的神经机器翻译架构,"attention,机器翻译,模型,参考模型,epsilon",机器翻译
207,近期值得读的10篇GAN进展论文,"gan,10,论文,1024,pggan",
208,AutoML、AutoKeras......这四个「Auto」的自动机器学习方法你分得清吗？,"auto,autokeras,分得清,automl,模型",
209,发布稳健版坚果Pro2s，坚信TNT没错，这次锤子发布会老罗都推了什么？,"tnt,老罗,pro2s,罗永浩,pro",
210,传说中的推土机距离基础，最优传输理论了解一下,"最优,理论,散度,阅读器,gamma",
211,英特尔发力IoT，与初创公司共谋双赢战略,"iot,发力,英特尔,智能,落地",英特尔
212,走近最前沿的AI科研项目——北京篇,"最前沿,走近,科研项目,ai,aminer",
213,谷歌联合英伟达重磅论文：实现语音到文本的跨语言转录,"伟达,语言,实现,论文,谷歌",
214,使用深度学习构建先进推荐系统：近期33篇重要研究概述,"33,系统,深度,ndash,pp",
215,心中无码：这是一个能自动脑补漫画空缺部分的AI项目,"无码,心中,脑补,ai,mask",
216,30个深度学习库：按Python和C++等10种语言分类,"python,30,分类,10,语言",
217,Marcus再怼深度学习：不和符号计算相结合，可能无法进步！,"符号计算,marcus,相结合,深度,bengio",
218,伯克利提出DeepMimic：使用强化学习练就18般武艺,"deepmimic,18,伯克利,提出,智能",
219,《神经网络和深度学习》系列文章十九：改进神经网络的学习方式,"神经网络,十九,深度,正则,挥杆",神经网络
220,《神经网络和深度学习》系列文章四十八：其他的深度学习模型,"四十八,深度,神经网络,模型,dbn",神经网络
221,潜心30年，知网知识系统如何从概念层次上计算自然语言,"知网,30,自然语言,系统,义原",
222,「我是可微分编程的粉丝」，Gary Marcus再回应深度学习批判言论,"marcus,gary,微分,编程,深度",
223,七牛云彭垚：智能平台的创新和发展,"七牛云,平台,智能,视频,高交会",
224,英伟达发布深度学习GPU训练系统DIGITS 5，自带图像分割与在线模型库,"digits,自带,模型库,gpu,伟达",
225,人工智能的未来：情感智能,"智能,人工智能,面部,理论,明斯基",人工智能
226,AI处理器 ×PU 一次全看清！,"处理器,pu,看清,ai,unit",
227,全栈技能与平衡艺术：首枚面向物联网AI芯片UniOne背后的故事,"unione,首枚,全栈,芯片,艺术",
228,苹果开发者大会WWDC 2017：首次全面展示苹果的人工智能实力,"苹果,wwdc,开发者,2017,nbsp",
229,深度揭秘Elon Musk的火星殖民地图（下）,"火星,musk,elon,深度,spacex",
230,智能金融的破局（下）：完成旅程的关键是路径,"金融,破局,智能,驻场,这件",
231,据传英特尔豪掷160亿美元：收购自动驾驶技术公司Mobileye,"mobileye,收购,160,豪掷,亿美元",
232,上海将举办国内首个国际文化装备博览会,"首个,博会,展会,文旅,产业",
233,DeepMind提出新型架构IMPALA：帮助实现单智能体的多任务强化学习,"impala,多任务,deepmind,实现,智能",deepmind
234,讯飞翻译机二代卖的是软件，需求，还是情怀？,"翻译机,二代,胡郁,离线,硬件",
235,千人签署阻止「杀人机器」承诺，马斯克、哈萨比斯位列其中,"杀人,比斯,哈萨,位列,马斯克",
236,Science「预测」特刊：人工智能如何帮助我们预见未来,"预测,science,人工智能,科学,sml",人工智能
237,谷歌发布tf.Transform：一个TensorFlow数据预处理库,"tftransform,预处理,tensorflow,数据,谷歌",tensorflow
238,NIPS 2016 上 22 篇论文的实现汇集,"22,nips,2016,论文,实现",
239,小i机器人创始人朱频频：人工智能与产业应用正向循环,"正向,产业,创始人,机器人,应用",
240,打开AI黑匣子，“三清”学子的科学故事,"科学,三清,ai,刘铁岩,人工智能","刘铁岩,人工智能"
241,应用 AI 之前，你必须了解的 10 项准备工作,"工作,10,应用,ai,模型",
242,雅虎开源轻量级多语言实体链接工具包,"雅虎,工具包,语言,开源,entity",
243,人工智能前沿峰会（AI Frontiers）：从六大主题解读人工智能前沿,"人工智能,frontiers,六大,ai,胡峻玲",人工智能
244,「医疗影像+AI」2018 落地之年，9 大变化为证,"为证,落地,医疗,2018,ai",
245,title-1539918383,"1539918383,title,nan",
246,哪家公司拥有最多的人工智能资源,"哪家,最多,资源,人工智能,uber",人工智能
247,搜喵输入法：用seq2seq训练自己的拼音输入法,"输入法,拼音输入,seq2seq,中文,模型",seq2seq
248,让问答更自然 - 基于拷贝和检索机制的自然答案生成系统研究,"问答,系统,李连杰,三元组,实体词",
249,Web界旗舰大会,"web,www,nbsp,论文,lightlda",
250,英伟达Inception计划中的这家创业公司，想要打造会自动驾驶的「 便利店」,"inception,想要,伟达,robomart,ahmed",
251,山东大学提出 PointCNN：让 CNN 更好地处理不规则和无序的点云数据,"pointcnn,点云,更好,山东大学,cnn",
252,百度AI开发者实战营北京收官，公布首批22家AI加速器成员,"ai,百度,收官,开发者,22",
253,清华大学李涓子教授 : THUKC世界知识图谱——XLORE,"xlore,清华大学,thukc,图谱,uri",清华大学
254,机器之心深度研学社每周干货：2017年第17周,"17,每周,干货,之心,2017",
255,李飞飞：我在斯坦福研究AI医疗的三个项目,"李飞飞,医疗,斯坦福,ai,传感器",李飞飞
256,虽然票早已被抢光，你可以从机器之心关注NIPS 2017,"nips,抢光,2017,之心,论文",
257,纽约客：「油漆工是兼职，勒死妇女才是正事」——变态连环杀手正在被算法迅速围剿,"勒死,油漆工,纽约,算法,杀人犯",
258,Jeff Dean撰文回顾谷歌大脑2016：从研究到应用的重大进展,"dean,jeff,重大进展,谷歌,2016",
259,专访MIT教授Tomaso Poggio：表达、优化与泛化——数学视角里的深度学习,"poggio,泛化,tomaso,数学,优化",
260,当前最好的非深度迁移学习方法：流形空间下的分布对齐,"流形,对齐,深度,适配,qt",
261,深度揭秘谷歌「量子霸权」计划：有望明年底突破经典计算极限,"量子,谷歌,深度,计算机,quantum",
262,斯坦福视觉研究生深度解读Magic Leap,"magic,leap,斯坦福,视觉,深度",
263,谷歌和Facebook的算法竞赛，只为这款经典游戏,"游戏,这款,只为,竞赛,facebook",
264,远离地沟油毒奶粉！谷歌AI能识别饮食卫生了？,"毒奶粉,地沟油,饮食卫生,谷歌,ai",
265,人工智能与数据分析驱动的数据战争究竟意味着什么？,"数据分析,数据,人工智能,lexis,法律",人工智能
266,加拿大国家基金启动NextAI，吸引全球人才前来创业,"nextai,加拿大,人才,next,canada",
267,从洪荒到智能——数据驱动的材质属性建模发展历程,"建模,数据,智能,图形学,brdf",
268,法律与AI结合，搜狗律师发布「法律AI咨询」,"法律,搜狗,咨询,ai,rdquo",搜狗
269,专访云穹智能庄慎：技术与空间融合是必然趋势,"庄慎,必然趋势,云穹,专访,技术",
270,对话胡郁：AI现状与科大讯飞的机会,"科大,胡郁,ai,人工智能,教育",人工智能
271,持续不断地推荐儿童不宜视频背后，YouTube是这样训练AI的,"youtube,儿童不宜,视频,ai,buzzfeed",
272,473个模型试验告诉你文本分类中的最好编码方式,"编码方式,473,模型试验,分类,nbsp",
273,首次揭秘！这份白皮书公开了AI模型的医院全部训练过程……,"这份,医院,模型,ai,ccds",
274,智能语音交互市场必将持续的蓬勃发展,"蓬勃发展,智能,自然语言,亚马逊,一个月",
275,还有这种操作 : 你大脑中想的事情，AI不仅知道，还能替你说出来！,"中想,ai,biorxiv,speech,101101",
276,正面刚亚马逊，谷歌加码语音助手生态支持力度，给钱给人给资源,"给钱,亚马逊,资源,谷歌,assistant",
277,解释《星际穿越》中你没看懂的地方,"cooper,murph,miller,五维,宇宙",
278,现场直击 | 谷歌云大会最后一天解读开放性：从TensorFlow开源到开放云平台,"谷歌云,开放性,开源,tensorflow,平台",tensorflow
279,综述分类、聚类和信息提取算法在文本挖掘领域内的应用,"信息提取,聚类,综述,分类,算法",
280,title-1539598087,"1539598087,title,nan",
281,DeepMind AlphaGo Zero引爆业内，创造者现身Reddit问答,"alphago,zero,reddit,创造者,现身",alphago
282,博士生需要什么样的导师?——基于对全国44所高校博士生的问卷调查,"高校,问卷调查,44,nbsp,rdquo",
283,七个小贴士，顺利提升TensorFlow模型训练表现,"小贴士,tensorflow,模型,预处理,profiling",tensorflow
284,这个机器人将为你打造私人米其林大餐,"米其林,机器人,大厨,触摸屏,优哉游哉",
285,强化学习在金融市场中的应用（上）,"金融市场,应用,agent,pacman,state",
286,Andrej Karpathy：你为什么应该理解反向传播,"karpathy,andrej,cs231n,梯度,delta",
287,强化学习时代正在到来,"alphago,深度,rl,bertsekas,181006339",alphago
288,Drive.ai 获5000万美元B轮融资，吴恩达加入董事会,"driveai,5000,b轮,吴恩达,融资",吴恩达
289,北邮夺冠CVPR 2018 DeepGlobe比赛，他们是这样做卫星图像识别的,"比赛,deepglobe,北邮,图像识别,cvpr",
290,第四范式发布AI Prophet AutoML 让业务人员也可以开发AI应用,"prophet,业务人员,ai,automl,第四",
291,华夏芯推出新型处理器内核IP，对标Arm和CEVA,"ip,处理器,ceva,对标,arm",
292,运筹学发展概况（上）,"运筹学,规划,线性规划,非线性,理论","运筹学,规划,线性规划"
293,Facebook野心：连接全世界,"全世界,facebook,伯格,扎克,internetorg",
294,结合感知和概念思维，DeepMind提出可微归纳逻辑框架∂ILP,"ilp,可微,感知,逻辑,框架","感知,逻辑"
295,UC Berkeley最新研究：残差神经网络的可视化,"残差,可视化,berkeley,uc,最新",
296,在语音识别这件事上，汉语比英语早一年超越人类水平,"事上,这件,搜狗,科大,speech",搜狗
297,中国AI手机风向标：国产品牌成首选，五大AI功能最常用 | 附报告下载,"国产品牌,ai,报告,五大,中国",
298,首个完整支持中文文档的深度学习框架——百度PaddlePaddle API文档简介,"api,paddlepaddle,中文,框架,首个",
299,斯坦福Surya Ganguli：理解生物智能与创造人工智能,"ganguli,surya,生物,斯坦福,智能",
300,访谈百度IDL林元庆：百度大脑如何在人脸识别上战胜人类「最强大脑」,"百度,林元庆,idl,人脸识别,访谈",人脸识别
301,读一点科技史,"科技史,科学,理论,技术,科学技术",
302,年终盘点：2015年人工智能的五大关键词,"2015,五大,盘点,人工智能,谷歌",人工智能
303,腾讯优图&港科大提出较大前景运动下的深度高动态范围成像,"较大,优图,科大,腾讯,提出",
304,用人工智能挖矿？矿业公司说的多做的少,"挖矿,人工智能,巴里,采矿业,埃森哲",人工智能
305,国家主导的区块链项目大量出现,"区块,委内瑞拉,委内瑞拉政府,ico,政府",
306,一文带你入门图论和网络分析（附Python代码）,"图论,网络分析,入门,python,代码",图论
307,上交大&南科大最新PRL论文：成功用机器学习实现量子态分类器,"量子态,分类器,prl,科大,最新",
308,【日报】SpaceX将三度挑战海上着陆、亚马逊占领智能家居,"spacex,三度,智能家居,亚马逊,日报",
309,BOT大赛圆满落幕，助力上海建设人工智能高地,"bot,助力,人工智能,赛题,市北",人工智能
310,从算力到半导体供应链，硬件如何决定机器学习的研究趋势,"半导体,供应链,从算力,硬件,趋势",
311,用深度学习对抗癌症：从分子层面研究到大规模人口建模,"癌症,大规模,建模,深度,stevens",
312,进化计算在深度学习中的应用 | 附多篇论文解读,"多篇,应用,论文,深度,tpot",
313,AAAI 2018 | 阿里巴巴提出极限低比特神经网络，用于深度模型压缩和加速,"比特,aaai,阿里巴巴,模型,神经网络",神经网络
314,英伟达CEO黄仁勋谈人工智能的风险与英特尔的竞争,"黄仁勋,竞争,ceo,伟达,英特尔",英特尔
315,子弹短信上线7天获融资1.5亿，背后的原因是什么？,"天获,15,融资,微信,科技",
316,终于！苹果首次公开自动驾驶技术研究成果,"苹果,研究成果,技术,激光雷达,汽车",
317,手把手 | 20行Python代码教你批量将PDF转为Word,"pdf,word,20,python,代码",
318,创造艺术的人工智能，也能创造艺术家,"艺术,人工智能,eck,nbsp,神经网络","人工智能,神经网络"
319,从ISSCC 2017看人工智能芯片的四大趋势,"isscc,四大,趋势,芯片,2017",
320,乳腺癌AI辅助诊断产品上线，德尚韵兴如何以超声AI破局辅助诊断赛道？,"超声,德尚,韵兴,乳腺癌,赛道",
321,在这个连开源标注数据集都没有的领域，AI该如何落地？| 人物对话,"集都,人物,落地,开源,数据",
322,文因互联 CEO 鲍捷：确保搞砸人工智能项目的十种方法,"鲍捷,搞砸,互联,文因,ceo",
323,早在全民造芯的前夜，这些视觉芯片已经潜伏在你的生活中,"造芯,芯片,视觉,chetty,高通",
324,如何利用人工智能来对抗DDoS攻击？,"ddos,攻击,人工智能,soto,发起者",人工智能
325,4分论文被收，ICLR官方回复：优先遵从AC意见,"ac,iclr,论文,双盲,2019",
326,谷歌、微软等五大巨头组建合作组织应对人工智能的社会挑战,"五大,微软,谷歌,人工智能,kambhampati",人工智能
327,谷歌带来GAN入门神器：浏览器上运行的可视化工具GAN Lab,"gan,可视化,浏览器,lab,神器",
328,ICLR 2019 | 用浅度学习训练深度网络：避开端到端深度学习难题,"浅度,避开,端到,深度,iclr",
329,远程监督在关系抽取中的应用,"应用,distant,supervision,ri,attention",
330,当 AI 掌握「读心术」：DeepMind AI 已经学会相互理解,"读心术,相互理解,ai,deepmind,tomnet",deepmind
331,全新视频！这是自由奔跑、自主导航的波士顿动力机器人,"导航,波士顿,动力,视频,机器人",
332,微软小冰全球项目负责人李笛揭秘：小冰如何成为写诗达人？_copy_copy_copy_copy_copy,"copy,小冰,李笛,写诗,微软",
333,智能春联新玩法：AI「刷脸」生成的春联效果如何？,"玩法,智能,ai,人脸,上下联",
334,机器人创业公司抢夺战：谷歌、英特尔、GE、富士康投资最活跃,"ge,投资,富士康,英特尔,机器人",英特尔
335,自然语言处理是如何工作的？一步步教你构建 NLP 流水线,"一步步,nlp,工作,自然语言,quot",
336,MURA：斯坦福ML团队开放的大型放射影像数据集与挑战赛,"mura,ml,挑战赛,斯坦福,数据",
337,GMIS 2017大会杨洋演讲：认知分析-透过机器重新审视商业本质,"杨洋,透过,gmis,演讲,2017",
338,十倍模型计算时间仅增20%：OpenAI开源梯度替换插件,"梯度,仅增,插件,openai,20",openai
339,亚马逊Alexa的多元化,"alexa,亚马逊,智能,一个月,应用程序",
340,嗨，现在你可以将车钥匙交给亚马逊了,"将车,亚马逊,送货员,汽车,车内",
341,为代码自动添加注释，让Java程序的阅读和开发更高效,"java,代码,nbsp,空行,listing",
342,Google是这样一步步变漂亮的,"google,一步步,material,android,duarte",
343,10篇论文+5项第一，记旷视科技ECCV之旅,"记旷视,eccv,之旅,10,科技",旷视
344,今天，高通将两个「首次正式发布」给了中国,"高通,中国,骁龙,soc,芯片",
345,百度无人车量产真相是什么？芯片开启自产自销新模式？| AI Weekly,"量产,weekly,百度,芯片,ai",
346,无人车是怎样上路的？这里有一份自动驾驶车辆监管制度的全球性调查,"车是,汽车,测试,毕马威,法律",
347,Elon Musk：谁还关心地球呢？,"musk,elon,火星,火箭,spacex",
348,周志华揭牌英特尔-南大联合研究中心：探索DNN与GPU之外的「广义深度学习」,"周志华,dnn,英特尔,gpu,深度","周志华,英特尔"
349,自动驾驶汽车怎么和人类交流？创业公司Drive.ai正在解决这个问题,"driveai,汽车,reiley,hri,spectrum",
350,Yann LeCun Quora问答全集,"yann,lecun,quora,问答",
351,再谈最小熵原理：“飞象过河”之句模版和语言结构 | 附开源NLP库,"模版,最小,过河,飞象,之句",
352,关于远程监督，我们来推荐几篇值得读的论文,"几篇,论文,relation,extraction,entity",
353,国内外语音识别行业最全盘点及技术分析和预测,"国内外,点及,预测,技术,收购",
354,迁移学习 + BPE，改进低资源语言的神经翻译结果,"bpe,资源,语言,freeze,源词",
355,Curriculum Learning和Self-paced Learning的相关知识及应用,"learning,paced,curriculum,self,应用",
356,物理学家提出模块化量子计算机构造新蓝图，大小堪比足球场,"量子,足球场,物理学家,堪比,模块化",
357,如何在家中打造《西部世界》的机器人接待员,"接待员,家中,机器人,klein,reveries",
358,基于协同过滤的中文零指代消解方法,"指代,中文,nbsp,一个零,ng",
359,那些年，微软亚洲研究院和亚太地区高校的创新科研合作,"高校,微软,手环,eye,智能",
360,如何将知识图谱特征学习应用到推荐系统？,"图谱,系统,应用,向量,ripple",
361,敲黑板！深圳站也将迎来百度深度学习公开课,"公开课,深圳,迎来,百度,深度",
362,2016年人工智能七大趋势（就像打了鸡血的2015）,"七大,鸡血,2015,趋势,2016",
363,一次唤醒、多轮对话+儿童模式 2.0，这样聪明的「小度在家」为什么最值得买？| 测评,"小度,多轮,儿童,测评,20",
364,基准评测当前最先进的深度学习软件工具（更新第六版）,"软件工具,评测,第六版,基准,深度",基准
365,计算机视觉工具包Luminoth今日开源,"luminoth,工具包,计算机,视觉,开源",
366,克里克眼中的神经科学,"克里克,眼中,神经科学,神经元,计算机","神经科学,神经元"
367,Gartner：2016年影响企业发展的十大技术趋势,"gartner,十大,企业,趋势,2016",
368,微软Build大会：押注更快的芯片并让计算无处不在,"build,更快,无处不在,微软,押注",
369,出门问问智能交互屏TicKasa Show亮相CES2019，面向企业级市场,"tickasa,show,问问,企业级,ces2019",
370,深度学习十大飙升趋势,"十大,趋势,深度,图像识别,2012",
371,MNIST上的首个对抗鲁棒分类器，骗得了人类才能骗过它,"mnist,鲁棒,骗过,骗得,分类器",
372,吴恩达在Quora机器学习Sessions上回答了这五个问题,"sessions,quora,吴恩达,汽车,无人驾驶",吴恩达
373,为什么使用自注意力机制？,"长距离,transformer,主谓,bleu,nmt",
374,视频场景下的自然语言处理应用,"自然语言,视频,应用,爱奇艺,nbsp",
375,OTT变革进入“深水区”，看酷开系统7.0如何搅动“新硬件”蓝海,"ott,70,看酷,蓝海,深水",
376,南京理工大学ICCV 2017论文：MemNet，图像超分辨率模型,"memnet,理工大学,iccv,2017,论文",
377,中美芯片黑客案预示一场真正的危机 | 大西洋月刊,"黑客,芯片,中国,美国,半导体",
378,「嵌入式 AI」这个时髦的名词，究竟是一个新理念，还是一个旧噱头？,"嵌入式,新理念,ai,刘少山,算法",
379,百度提出NCRF：深度学习癌症图像检测效率再提升,"ncrf,癌症,百度,提出,深度",
380,数据矿工学习-《统计学习方法》思维导图7.1-线性可分支持向量机,"导图,向量,71,数据,svm",
381,算法太多挑花眼？此文教你如何选择正确的机器学习算法,"算法,太多,决策树,模型,回归",
382,敢堵我的自行车道？我就让神经网络抓住你！,"自行车道,就让,神经网络,alex,纽约市",神经网络
383,title-1503979423,"1503979423,title,cnerrorsmessagesextension,whitelist,imagetranslation",
384,吐槽贴：没有工程背景的项目经理不如没有项目经理,"项目经理,吐槽,工程,管院,音效",
385,"硅谷黑暗潜规则: 充斥性与毒品的巨头派对上, 科技与投资已经面目全非","潜规则,硅谷,投资,科技,女性",
386,这是一份文科生都能看懂的线性代数简介,"线性代数,文科生,能看懂,矩阵,times",
387,亚马逊 Echo 音箱不会报警，但它需要这种功能吗？,"echo,亚马逊,alexa,reidenberg,911",
388,斯坦福大学《语音与语言处理》第三版：NLP必读书籍,"第三版,书籍,必读,斯坦福大学,语言",
389,用于金融时序预测的神经网络：可改善经典的移动平均线策略,"平均线,金融,预测,神经网络,nbsp",神经网络
390,GMIS 2017 大会朱军演讲：贝叶斯深度学习的 GPU 库-珠算,"珠算,朱军,贝叶斯,gpu,gmis",
391,专家质疑谷歌「提速1亿倍的量子计算机」,"量子,亿倍,计算机,谷歌,wave",
392,「史上最强GAN图像生成器」BigGAN的demo出了！,"biggan,生成器,demo,史上,最强",
393,旷视科技发布最大商品识别数据集，推动新零售自动收银场景落地,"收银,旷视,落地,科技,数据",旷视
394,"商汤旷视在前, 7分钟把BBC记者「捉拿归案」的深醒科技, 靠什么挤进安防这个拥挤赛道？","深醒,安防,bbc,捉拿归案,挤进",
395,腾讯AI Lab开源大规模高质量中文词向量数据，800万中文词随你用,"中文,向量,800,高质量,词随",
396,为什么那么多人饿死，我们却还要继续探索宇宙？,"饿死,宇宙,多人,火星,史图",
397,中国科学院大学Oral论文：使用鉴别性特征实现零样本识别,"中国科学院,oral,实现,论文,zsl",
398,对话语义理解的序列到序列数据增强｜COLING 2018,"序列,coling,数据,2018,seq2seq",seq2seq
399,DeepMind推出深度学习与强化学习进阶课程（附视频）,"课程,进阶,deepmind,视频,深度",deepmind
400,"经济学人首个无人驾驶特别报告: 你能获得自由, 但要付出代价","付出代价,报告,首个,无人驾驶,汽车",
401,谷歌开发者节DevFest&TensorFlow Day，约~,"devfest,day,开发者,tensorflow,谷歌",tensorflow
402,要么一步登天要么一败涂地？重温马斯克和SpaceX的荣光与低谷,"spacex,马斯克,火箭,nasa,musk",
403,DNA结合大数据：我们找到了癌症的阿喀琉斯之踵,"癌症,dna,找到,阿喀琉斯,之踵",
404,机器之心「AI00」四月最新榜单：新增人工智能网络安全公司Cylance和Sift Science,"ai00,sift,cylance,四月,网络安全",
405,从Word Embedding到Bert模型—自然语言处理中的预训练技术发展史,"embedding,bert,word,发展史,自然语言",
406,海量细胞还能各司其职，这一切是如何发生的？,"discher,干细胞,凝胶,ingber,心肌细胞",
407,新手入门？一步一步教你如何安装PaddlePaddle,"新手入门,paddlepaddle,docker,paddle,安装包",
408,手把手：我的深度学习模型训练好了，然后要做啥？,"模型,深度,flask,worker,port",
409,利用学习曲线诊断模型的偏差和方差,"学习曲线,诊断模型,方差,nbsp,variance",学习曲线
410,逐层剖析，谷歌机器翻译突破背后的神经网络架构是怎样的？,"逐层,机器翻译,神经网络,谷歌,解码器","机器翻译,神经网络"
411,陆奇离任百度COO，王海峰晋升高级副总裁,"海峰,陆奇,副总裁,coo,百度",
412,浅析基于张量分解的隐变量模型参数学习,"张量,变量,参数,模型,似然","张量,参数"
413,五家创业公司或将成为2016年深度学习领域的新变量,"变量,2016,深度,lunit,vuno",
414,日报｜人工智能编写的第一部电影Sunspring,"sunspring,电影,第一部,日报,人工智能",人工智能
415,为什么XGBoost在机器学习竞赛中表现如此卓越？,"xgboost,竞赛,mart,boosting,cart","xgboost,boosting"
416,腾讯朱华：数据中心下一个风向的探索,"数据中心,朱华,腾讯,值守,产品化",
417,如何利用C++搭建个人专属的TensorFlow,"专属,tensorflow,nbsp,var,const",tensorflow
418,杨元庆，跨过拐点,"杨元庆,拐点,跨过,联想,rdquo",
419,ACL 2016颁奖：Joan Bresnan获终身成就奖,"成就奖,joan,bresnan,acl,2016",
420,神秘公司Ivy Softworks发布情景搜索平台Atlas,"atlas,softworks,ivy,神秘,平台",
421,从贝叶斯角度，看深度学习的属性和改进方法,"贝叶斯,深度,高维,预测器,mcmc",
422,初学者怎么选择神经网络环境？对比MATLAB、Torch和TensorFlow,"matlab,torch,初学者,tensorflow,神经网络","tensorflow,神经网络"
423,商汤科技C轮战略融资6亿美元，晋级世界第一AI独角兽,"商汤,独角兽,亿美元,融资,科技",
424,如何用深度学习实现程序自动合成,"自动合成,实现,深度,dsl,pushmeet",
425,ARM放大招发布Trillium项目：包含神经网络软件库和两种AI处理器,"arm,trillium,处理器,神经网络,ai",神经网络
426,斩获能源界诺贝尔奖，华人科学家“纳米发电机”解决物联网和AI发展能源桎梏,"能源,诺贝尔奖,科学家,ai,王中林",
427,为Go语言设计的机器学习库Gorgonia：对标TensorFlow与Theano,"gorgonia,theano,go,对标,语言",theano
428,一文读懂最大似然估计(附R代码),"似然,读懂,代码,mle,nbsp",
429,错过滴滴的刘芹，如何捕获小米并成为这起IPO中的大赢家？,"刘芹,小米,ipo,滴滴,这起",
430,展望无人机的未来技术,"无人机,技术,听译,yue,消费类",无人机
431,Gigaom对话吴恩达：迁移学习是未来五年的重要研究方向,"gigaom,吴恩达,中国,人工智能,百度","吴恩达,人工智能"
432,机器学习中的「哥德尔定理」,"哥德尔,emx,模型,pac,ben",
433,从39项全球投资到语音、面部识别及自动驾驶等专利部署，BAT正成为全球AI一个令人生畏的代号？| 深度,"bat,面部,专利,令人生畏,39",
434,这是一份专为程序员编写的英语学习指南,"学习指南,程序员,识别器,中文,语料库",语料库
435,Top 10 Reasons Not To Miss The Machine Intelligence Summit in Hong Kong!,"hong,machine,kong,intelligence,miss",
436,懒人福利：不写代码调优深度模型，谷歌开源的「What-If」了解一下,"what,if,懒人,不写,调优",
437,春雨医生的互联网+智慧医疗路径：以患者为中心，构建医疗服务新生态,"医疗,互联网,家庭医生,医院,曾伯毅",
438,如何让超越人类的AI不构成威胁？OpenAI给出的答案是：目标一致性,"给出,构成威胁,一致性,openai,ai",openai
439,来自Kenneth Reitz大神的建议：避免不必要的面向对象编程,"面向对象编程,reitz,kenneth,不必要,大神",
440,如何建立 AI 研究实验室？Yoshua Bengio 有话要说,"有话要说,yoshua,bengio,ai,yb",
441,人工智能芯片·脑芯编 | 窥脑究竟，织网造芯,"窥脑,织网,脑芯编,造芯,芯片",
442,NIST全球权威人脸识别算法测试结果公布，前五名中三名来自中国,"nist,测试,人脸识别,中国,算法",人脸识别
443,TensorFlow 官方解读：如何在多系统和网络拓扑中构建高性能模型,"网络拓扑,高性能,tensorflow,系统,模型",tensorflow
444,用可视化解构BERT，我们从上亿参数中提取出了6种直观模式,"bert,可视化,参数,向量,rdquo",参数
445,机器学习需要怎样的硬件？,"硬件,阿里巴巴,浪潮,超大规模,fpga",
446,频频被关注的AI，怎样才能快速落地应用？,"怎样才能,落地,应用,ai,ucloud",
447,【日报】让机器人优雅并安全地摔倒,"摔倒,日报,机器人,量子,虚拟现实",虚拟现实
448,依图公布全球化战略，与微软共同建设全球智慧城市,"依图,城市,全球化,微软,nbsp",
449,沈向洋：微软将在今年成立亚洲研究院上海分部,"沈向洋,微软,人工智能,仪电,教育",人工智能
450,从集成方法到神经网络：自动驾驶技术中的机器学习算法有哪些？,"算法,神经网络,技术,质心,回归",神经网络
451,行为识别：让机器学会“察言观色”第一步,"第一步,关节点,时域,nbsp,lstm",
452,无需复杂的数学描述，通过简单代码理解卷积模块,"卷积,数学,代码,conv,39",卷积
453,人工智能搁浅了？听一听纽约大学教授Gary Marcus怎么说,"gary,纽约大学,marcus,人工智能,nbsp",人工智能
454,CoNLL 2018 | 最佳论文揭晓：词嵌入获得的信息远比我们想象中的要多得多,"conll,多得多,远比,论文,2018",
455,最新访谈首次披露拍出「天价」AI画作背后的故事,"画作,访谈,最新,ai,jb",
456,基于词的神经网络中文分词方法,"分词,中文,神经网络,semi,crf",神经网络
457,喜欢说真话的Waymo用户: 一场大雨就能浇蒙自动驾驶出租车,"waymo,出租车,真话,metz,one",waymo
458,除了深度学习，你需要知道AI技术的23个方向 | 机器之心首份技术报告,"技术,23,报告,首份,之心",
459,ACL 2018 | 问答模型真的理解问题吗：归因分析可轻松构造对抗问题样本,"归因,问答,真的,acl,模型",
460,机器学习：未来十年研究热点,"量子,解释性,模型,算法,智能",
461,2016 ICLR回顾：塑造人工智能未来的深度学习,"iclr,2016,深度,人工智能,论文",人工智能
462,明年AI学术会议投稿规模炸裂！注意ICML 2019的这些变化,"icml,2019,学术会议,ai,deadline",
463,打入时尚圈的 AI，数据可能会变革这个特殊的行业,"打入,数据,ai,nbsp,区块",
464,深度学习的先入之见、局限性及其未来,"先入之见,局限性,深度,nbsp,参数",参数
465,目前的人工智能缺失了一个关键环节,"关键环节,人工智能,nbsp,谷歌,研究者",人工智能
466,论强化学习和概率推断的等价性：一种全新概率模型,"概率模型,推理,pgm,动力学,框架",概率模型
467,机器之心「AI00」一月最新榜单：英国最火的机器学习创业公司,"英国,最火,一月,ai00,榜单",
468,亚马逊员工自白信：我们不应该向军方出售人脸识别技术,"亚马逊,人脸识别,技术,rekognition,政府",人脸识别
469,从大间隔分类器到核函数：全面理解支持向量机,"从大,分类器,向量,nbsp,svm",
470,Julia焦虑？这有份Facebook软件工程师的测试差评,"julia,差评,这有份,工程师,测试",
471,2017电圣人机大战：腾讯「绝艺」再添胜利奖杯_copy_copy_copy_copy_copy,"copy,绝艺,再添,腾讯,2017",
472,灵巧工业机器人（二）手内操控,"手内,工业,机器人,鲁棒,规划",规划
473,业界 | 数据科学家要先学逻辑回归？图样图森破！,"回归,逻辑,先学,图森,科学家",逻辑
474,IJCAI 2018 | 腾讯知文等提出新型生成式摘要模型：结合主题信息和强化训练生成更优摘要,"摘要,生成式,知文,强化训练,ijcai",
475,VR远程操控机器人：让医院里的孩子参观动物园,"医院,vr,机器人,hulskes,wevolver",
476,合资品牌车联网或率先尝到车联网技术的甜头？,"尝到,技术,rdquo,ldquo,王星",
477,【CVPR2018】物体检测中的结构推理网络,"推理,cvpr2018,gru,检测器,faster",
478,如何训练一个简单的音频识别网络,"音频,silence,模型,静音,噪音",噪音
479,机器之心GMIS 2017大会日程公布：44位嘉宾+32场演讲，开启机器智能之旅,"32,44,gmis,之旅,演讲",
480,GitHub项目：利用不完整的数据样本补全不完整的图像,"补全,github,数据,补完,ambientgan",
481,硅谷华人AI精英大批回国成趋势，BAT在美设「挖人」据点，猎头暗中潜伏,"回国,美设,挖人,硅谷,bat",
482,再谈 Go 语言在前端的应用前景,"go,再谈,语言,应用,webassembly",
483,跳舞也比不过AI？谷歌AI已可以自行freestyle,"freestyle,ai,谷歌,mcgregor,舞者",
484,Python「八宗罪」,"八宗罪,python,代码,39,缩进",
485,这家初创公司开发出了不需要特殊硬件的多人VR系统,"vr,硬件,系统,pantomime,farm",
486,MATLAB更新R2017b：转换CUDA代码极大提升推断速度,"matlab,cuda,r2017b,代码,coder",
487,机器之心「AI00」六月榜单：借人工智能变革制造业的富士康,"制造业,富士康,ai00,榜单,之心",
488,活动报名 | “生物特征识别”学科前沿研讨会,"学科前沿,报名,活动,生物,人脸",
489,小i机器人发布新一代智能Bot开放平台：让AI唾手可得,"bot,开放平台,新一代,智能,机器人",
490,智能电网,"智能,多元性,近几年,稳定性,供电系统",
491,从反向传播到迁移学习，盘点人工智能从业者必备的10个深度学习方法,"从业者,盘点,10,深度,人工智能",人工智能
492,从离散到分布，盘点常见的文本表示方法,"盘点,gt,向量,gram,bag",
493,少了AI First那类口号的谷歌I/O大会，似乎也少了行业风向标式的新意,"first,那类,谷歌,ai,google",
494,机器之心GitHub项目：从循环到卷积，探索序列建模的奥秘,"卷积,github,序列,建模,之心",卷积
495,使用嵌入改善客户生命周期价值预测：帮助提升网络零售效益,"生命周期,预测,cltv,asos,模型",
496,谷歌Waymo现身2017北美车展：自行设计所有配套传感器,"waymo,自行设计,传感器,北美,现身",waymo
497,自然语言处理领域的进展（一）导言,"自然语言,语言,nlp,语言学,评测",
498,机器之心深度研学社每周干货：2016年第47周,"47,每周,干货,2016,之心",
499,华为的AI芯片是互联网公司“造芯”运动的延续,"华为,造芯,互联网,芯片,ai",
500,300多万奖金，AI Challenger 2018全球AI挑战赛今日开赛,"challenger,ai,300,多万,挑战赛",
501,中科院自动化所：用于多方向场景文本检测的深度直接回归,"回归,中科院,自动化,深度,icdar2015",
502,学习SVM，这篇文章就够了！（附详细代码）,"svm,篇文章,就够,代码,alphas",
503,想击败英伟达？可能得十家以上不同垂直领域的深鉴科技，这就是AI芯片的「行情」| 人物对话,"深鉴,芯片,人物,伟达,科技",
504,你也许还没有意识到，语音识别已经让所有人掌握了魔法奥义,"所有人,奥义,意识,计算机,hey",
505,浏览器上最快的DNN执行框架WebDNN：从基本特性到性能测评,"webdnn,dnn,浏览器,测评,框架",
506,腾讯没有梦想，但腾讯总有理由,"腾讯,总有,rdquo,ldquo,微视",
507,FAIR & NYU开发XNLI语料库：15种语言（含低资源语言）,"语言,xnli,语料库,含低,nyu",语料库
508,谷歌大脑神经机器翻译大规模实验：寻找最优的超参数组合,"大脑神经,大规模,最优,参数,机器翻译","参数,机器翻译"
509,Travis Kalanick：超级独角兽Uber背后的男人,"kalanick,uber,travis,独角兽,kretchmer",
510,机器之心邀请您参加2018全球机器学习技术大会,"2018,之心,技术,boolan,michael",
511,基于长短期记忆网络的短时雷达外推算法,"长短期,短时,记忆,hidden,state",
512,谷歌开放大规模音频数据集 AudioSet，加速音频识别研究,"音频,audioset,大规模,数据,谷歌",
513,被AI潮抛弃的企业？对话微软CTO韦青，如何应对“变革”焦虑,"韦青,企业,cto,微软,ai",
514,一份AI博士生的ICML2018“学霸”笔记（55页）,"学霸,icml2018,55,ai,david",
515,在过去的一年里，加州的无人驾驶汽车共计发生2578次故障,"加州,2578,汽车,无人驾驶,测试",
516,机器之心深度研学社每周干货：2017年第13周,"13,每周,干货,之心,2017",
517,重磅开源！阿里首款自研科学计算引擎Mars来了,"mars,科学计算,首款,自研,阿里",
518,马云公开信：将在一年后卸任回归教育，CEO张勇接力,"张勇,马云,教育,回归,ceo",
519,还没把AI带入国家主场的德国，隐藏着哪些值得关注的创业公司？,"德国,带入,ai,人工智能,hiro",人工智能
520,Phys.org：最新研究表明量子效应能极大改进强化学习,"量子,physorg,最新,dunjko,工具性",
521,手握过亿天使轮融资和大订单，这家创新工场孵化的 AI2B 类公司要靠 AI 赚钱,"手握,ai2b,融资,ai,奇智",
522,AI 应用于垂直领域，如何改善这八大行业？|普华永道报告,"普华永道,八大,报告,应用,ai",
523,谷歌开源TFGAN：轻量级生成对抗网络工具库,"tfgan,网络工具,开源,谷歌,gan",
524,程序翻译新突破：UC伯克利提出树到树的程序翻译神经网络,"树到,uc,伯克利,神经网络,提出",神经网络
525,微软语音识别实现历史性突破：语音转录达到专业速录员水平,"速录员,历史性,专业,微软,实现",
526,Mobileye CEO谈Uber事故: 传统经验仍很重要，尤其在性命攸关的领域,"mobileye,性命攸关,事故,uber,ceo",
527,人工智能、机器学习、深度学习，三者之间的同心圆关系,"三者,人工智能,深度,神经元,神经网络","人工智能,神经元,神经网络"
528,伯克利提出分层表面预测：可根据单张彩色图重建高质量3D形状,"单张,高质量,3d,预测,伯克利",
529,想用AI抓住吃货们的心，这家创业公司技术策略背后的是与非 | 特写,"想用,与非,技术,ai,cohen",
530,ASC18世界超算大赛5月决战南昌，AI和诺贝尔奖应用备受关注,"超算,asc18,诺贝尔奖,应用,ai",
531,想成为AI领域的英特尔，地平线发布两款终端视觉芯片,"地平线,两款,终端,芯片,英特尔","地平线,英特尔"
532,智能机器纪元的生存指南,"智能,数据,苹果,人脸识别,摄像头",人脸识别
533,首次！腾讯的人工智能在星际争霸2中打败了「开挂」内建AI,"星际争霸,开挂,内建,打败,腾讯",
534,遗传算法自动编写软件：新研究让AI开始代替程序员工作,"遗传算法,程序员,工作,ai,programmer",遗传算法
535,IEEE Fellow何晓冬：让客服不再冰冷,"何晓冬,客服,fellow,ieee,alex",
536,十余家 AI 创业公司、五大角度，深度解读国务院新一代 AI 发展规划,"规划,十余家,ai,新一代,五大",规划
537,我们为什么要做CGUI ：什么是CGUI,"cgui,gui,cui,interface,user",
538,无需额外硬件，全卷积网络让机器学习学会夜视能力,"夜视,卷积,硬件,照度,图像处理","卷积,图像处理"
539,一份数学小白也能读懂的「马尔可夫链蒙特卡洛方法」入门指南,"蒙特卡洛,小白,马尔可夫,读懂,数学",
540,光遗传学之父探秘大脑的传奇故事,"遗传学,deisseroth,sally,张峰,神经元",神经元
541,从超参数到架构，一文简述模型优化策略,"从超,参数,优化,模型,节点",参数
542,【日报·精选】2亿美元投资数字医疗、中国儿童编程热、万科用机器人替代保安,"万科,儿童,编程,亿美元,中国",
543,计算语言顶会ACL 2018最佳论文公布！这些大学与研究员榜上有名,"榜上有名,顶会,acl,语言,论文",
544,李嘉诚也玩AI？他的维港投资投的第一个AI项目是何方神圣？,"维港,李嘉诚,何方神圣,第一个,投资",
545,DeepMind论文：结合生成式对抗网络和Actor-Critic方法,"actor,critic,生成式,deepmind,论文",deepmind
546,明星公司 Workday 股价再创新高，企业服务需求迎「井喷」？,"workday,再创新高,企业,salesforce,亿美元",
547,前强生创新负责人 : 人工智能离创造价值还有多远？,"强生,多远,人工智能,ml,药明",人工智能
548,华为推出新型HiSR：移动端的超分辨率算法,"hisr,端的,华为,算法,卷积",卷积
549,FAIR提出突触可塑算法：让神经网络学会记住和忘却,"可塑,突触,fair,算法,提出",
550,无人机的市场趋势和行业应用价值预测,"市场趋势,无人机,预测,应用,销售",无人机
551,"对话 | 软件平台与SaaS模式行不通了,Talking Data做的高附加值数据买卖究竟是什么？","saas,高附加值,软件平台,talking,data",
552,华为麒麟980：双核NPU，全球首款7nm手机芯片正式发布,"980,7nm,双核,华为,npu",
553,思岚科技完成B轮融资，自主定位导航助力机器人智能化,"定位导航,思岚,b轮,助力,融资",
554,循环神经网络自动生成程序：谷歌大脑提出「优先级队列训练」,"优先级,队列训练,提出,神经网络,谷歌",神经网络
555,从零开始精通深度学习,"从零开始,深度,nbsp,pytorch,keras",
556,当谈论「Robot」时，我们在谈些什么？,"robot,谈些,机器人,robots,柴油车",
557,AI界的State of the Art都在这里了,"art,state,ai,sota,top",
558,聚焦强化学习，AAAI 2019杰出论文公布：CMU、斯坦福等上榜,"aaai,上榜,2019,cmu,斯坦福",
559,在一掷千金的自动驾驶圈，这家公司以一个千元级产品入局,"千元级,入局,产品,蔡锐,地图",
560,如何为数据集构建图像重复查找器？（附代码）,"代码,数据,pool,dim,sim",
561,视网膜眼底图像预测心脏病风险：Nature综述深度学习在生物医疗中的新应用,"心脏病,生物,nature,综述,预测",
562,【日报】微软开源人工智能工具包,"工具包,微软,日报,开源,人工智能",人工智能
563,一张图轻松解读《财富》人工智能万字长文，关于深度学习的前世今生,"字长,深度,人工智能,神经网络,火箭","人工智能,神经网络"
564,视频：这是一群极客与梦想家的无人驾驶奋斗之旅,"梦想家,极客,无人驾驶,之旅,视频",
565,使 AI 走进校园，客来乐基于学生身份寻找更多应用场景,"客来乐,走进,应用,ai,王伟",
566,人工智能会有多强大？AlphaGo不过是惊鸿一瞥,"惊鸿一瞥,alphago,人工智能,围棋,扎克","alphago,人工智能"
567,「假大空」的 Watson： IEEE Spectrum揭秘IBM混乱AI开发现状,"ibm,spectrum,watson,ieee,ai",
568,阿里人工智能新研究：在星际争霸中实现多兵种协同作战,"星际争霸,协同作战,阿里,实现,人工智能",人工智能
569,2018 IEEE顶级编程语言交互排行榜发布：Python屠榜,"编程语言,屠榜,ieee,python,2018",
570,计算机“系统”视角中的未来愿景,"愿景,系统,计算机,区块,一致性",
571,一页PPT证明黎曼猜想？Michael Atiyah刚刚的正式演讲炸了锅,"黎曼,atiyah,michael,一页,ppt",
572,IJCV 亚洲之夜，机器之心与CV领域顶级期刊首位华人主编汤晓鸥聊了聊,"ijcv,汤晓鸥,期刊,之夜,cv",汤晓鸥
573,All In! 我学会了用强化学习打德州扑克,"德州,in,all,nbsp,手牌",
574,我们真的找对了方法？新研究为欧美脑计划敲响警钟,"敲响警钟,真的,神经科学,jonas,芯片",神经科学
575,网络技术的风向标——SIGCOMM 2016,"sigcomm,2016,技术,nbsp,fpga",
576,从街景到自然大片，谷歌AI的新尝试,"街景,谷歌,ai,量子,nbsp",
577,2017电圣人机大战：腾讯「绝艺」再添胜利奖杯_copy_copy_copy_copy,"copy,绝艺,再添,腾讯,2017",
578,AI 社区有多排外？「外行人」观点引发争议,"外行人,观点,ai,论文,alexia",
579,谷歌开源最精确自然语言解析器SyntaxNet,"syntaxnet,解析器,自然语言,开源,谷歌",
580,机器人温柔而忐忑的眼神，你挡得住么？,"挡得住,机器人,seer,面部,echo",
581,搜狗2016财报出炉，全年营收同比增长19%,"搜狗,财报,营收,19,2016",搜狗
582,在打造 iPod 和 Nest 之后，这位被硅谷抛弃的「麻烦制造者」正在巴黎重建浪潮之巅,"nest,ipod,制造者,之巅,这位",
583,斯坦福大学&DeepMind联合提出机器人控制新方法，RL+IL端到端地学习视觉运动策略,"rl,il,端到,斯坦福大学,视觉",
584,美国宇航局给麻省理工送了一台超级人形机器人,"美国宇航局,人形,麻省理工,机器人,nasa",
585,英伟达提出仅使用噪点图像训练的图像增强方法，可去除照片噪点,"噪点,图像增强,伟达,提出,mdash",图像增强
586,可解释推荐系统：身怀绝技，一招击中用户心理,"一招,系统,触龙,小儿子,长安",
587,GMIS 2017 大会胡郁演讲：人工智能+共创新世界,"胡郁,gmis,演讲,2017,人工智能",人工智能
588,【日报】谷歌组建虚拟现实部门、空客发布「无人机杀手」,"无人机,空客,虚拟现实,日报,谷歌","无人机,虚拟现实"
589,API 的崛起：彻底颠覆软件创造与市场进入机制,"api,第三方,开发人员,开发者,应用程序",
590,iCub，一个机器人的自我意识觉醒,"icub,自我意识,机器人,self,休谟",
591,神经机器翻译实战 | 技术实验报告,"实验报告,机器翻译,技术,nmt,bleu",机器翻译
592,2017 年 FInTech 初创公司融资或创纪录,"创纪录,fintech,融资,2017,医疗",
593,4个学生，1个暑假，百度深度学习开源平台PaddlePaddle诞生了智能桃子分拣器,"paddlepaddle,百度,开源,平台,智能",
594,UC Berkeley提出变分判别器瓶颈，有效提高对抗学习平衡性,"平衡性,变分,berkeley,uc,提出",
595,机器之心论坛 | 贵阳数博会分论坛：人工智能遇上大数据,"论坛,博会,遇上,之心,数据",
596,title-1542238273,"1542238273,title,nan",
597,title-1546593978,"1546593978,title,nan",
598,GMIS 2017 Jean-Sebastien Cournoyer 演讲：加拿大，领先的人工智能枢纽的兴起,"cournoyer,加拿大,sebastien,jean,gmis",
599,日报 | Leap Motion的手势追踪技术,"motion,leap,日报,技术,喷流",
600,AI技术在智能海报设计中的应用,"海报设计,应用,智能,技术,ai",
601,机器人领域影响力人物和品牌TOP100,"影响力,top100,人物,机器人,技术",
602,机器之心专访腾讯AI Lab姚星&张潼，独家揭秘腾讯低调的人工智能研究,"腾讯,张潼,姚星,lab,专访",
603,新算法让计算机能像人一样感知曲线,"感知,计算机,算法,李波,鲁棒性",感知
604,百度成立智能生活事业群组，渡鸦raven H现货敞开售,"群组,raven,渡鸦,百度,智能",
605,布局“科技+教育”全球发展，好未来“AI训练营”助力打造极智人才,"训练营,教育,极智,人才,助力",
606,用 AI 改变政府与公众的交互方式？纽约、新加坡、日本正在这样做,"政府,交互方式,纽约,日本,ai",
607,无问西东，只问哈希,"哈希,西东,无问,sketch,binary",
608,心脏病患者的福音：AI辅助急救电话接听员掌握患者一手情况,"心脏病,ai,corti,骤停,nbsp",
609,一个模型库学习所有：谷歌开源模块化深度学习系统Tensor2Tensor,"tensor2tensor,模块化,模型库,系统,开源",
610,场景还是场景，配送服务正变天？AI芯片也要走向终端应用的竞争? | AI Weekly,"终端,竞争,ai,weekly,芯片",
611,比起 iPhone 7，我们更关心苹果的人工智能「大脑」,"苹果,iphone,人工智能,收购,siri",人工智能
612,你看捻起一颗小红莓的那只手，不，它是「机器肌肉」,"只手,红莓,捻起,致动器,hasel",
613,深度学习专业名词表：从激活函数到word2vec,"专业名词,word2vec,深度,nbsp,神经网络","word2vec,神经网络"
614,云CPU上的TensorFlow基准测试：优于云GPU的深度学习,"cpu,基准,gpu,测试,tensorflow","基准,tensorflow"
615,大脑记忆系统为更高效的计算方法指明道路,"计算方法,记忆系统,突触,神经元,索尔克",神经元
616,硬核NeruIPS 2018最佳论文，一个神经了的常微分方程,"微分方程,neruips,硬核,论文,2018",
617,谷歌大脑提出TensorFuzz，用机器学习debug神经网络,"tensorfuzz,debug,神经网络,提出,谷歌",神经网络
618,机器之心深度研学社每周干货：2017年第38周,"38,每周,干货,之心,2017",
619,苹果帝国的夕阳与硬件世界的残酷,"苹果,硬件,供应链,iphone,必输",
620,疯狂的NIPS 2018！11分钟门票售罄,"nips,11,2018,论文,学术会议",
621,YouTube上最受欢迎的十大机器学习视频（最新）,"受欢迎,youtube,十大,视频,最新",
622,PaddlePaddle深度学习实战之图像分类,"paddlepaddle,分类,深度,卷积,图像识别",卷积
623,"NLP的游戏规则从此改写？从word2vec, ELMo到BERT","elmo,word2vec,bert,游戏规则,nlp",word2vec
624,谷歌大脑提出对抗正则化方法，显著改善自编码器的泛化和表征学习能力,"编码器,正则,泛化,提出,谷歌",
625,渡鸦科技正式发布硬件新品 Raven H-1「一呼百应」的家庭智能控制中心  ,"渡鸦,raven,新品,控制中心,硬件",
626,发布AI芯片昆仑和百度大脑3.0、L4自动驾驶巴士量产下线，这是百度All in AI一年后的最新答卷,"百度,昆仑,ai,下线,量产",
627,达摩院首届“青橙奖”揭晓，每位青年学者获百万奖金,"达摩院,青橙奖,每位,张建锋,科学家",
628,云丁科技完成 2.7 亿元 C+ 轮融资，公寓家用双市场全面发力智能安居,"云丁,27,发力,亿元,融资",
629,构建深度神经网络，我有20条「不成熟」的小建议,"20,神经网络,深度,归一化,方差",神经网络
630,【日报·精选】可触摸的全息影像、《经济学人》试水VR,"试水,vr,日报,扎克,伯格",
631,盘点四家使用「深度学习」来研发药物的公司,"盘点,深度,berg,insilico,twoxar",
632,英特尔发布 Movidius Myriad X VPU：提出神经计算引擎,"myriad,movidius,vpu,神经计算,英特尔",英特尔
633,纽约大学陈溪： AlphaGo Zero技术演进的必然性,"陈溪,zero,纽约大学,alphago,技术",alphago
634,顶级数据挖掘学术会议 KDD 2017的华人之光,"kdd,数据挖掘,之光,学术会议,2017",数据挖掘
635,不懂AI的分析师会越来越少？凡普金科正让这件事发生,"凡普,金科,分析师,越来越少,这件",
636,微软预测未来十年：人工智能将无处不在,"无处不在,预测,微软,人工智能,2027",人工智能
637,AI专利深度分析，国内申请最多的竟然是这家公司,"专利,最多,深度,ai,申请量",
638,MNLP2018：腾讯AI Lab深度解读交互文本理解相关论文,"mnlp2018,lab,腾讯,论文,深度",
639,为什么自然界是我们理解人工智能的最优导师？,"最优,人工智能,自然选择,基因,生物进化",人工智能
640,虚拟现实或将重新定义神经科学的未来,"神经科学,虚拟现实,eyewire,robinson,神经元","神经科学,虚拟现实,神经元"
641,谷歌的Dataset Search开放至今，为什么还搜不到我的数据集？,"dataset,search,不到,数据,谷歌",
642,与智能助理共享数据，银行仍心存三大疑虑,"银行,心存,三大,智能,数据",
643,4个马云的身家，5年翻了6倍的股价，贝索斯和亚马逊的发电机竟是AI？,"亚马逊,贝索斯,身家,马云,ai",
644,340亿美元收购红帽，开源史上最大交易能拯救IBM吗？,"红帽,ibm,收购,340,史上",
645,事理图谱，下一代知识图谱,"图谱,rdquo,ldquo,逻辑,顺承",逻辑
646,Drive.ai 联合创始人王弢：「我们不依赖深度学习，而是深度学习优先」,"driveai,王弢,创始人,深度,激光雷达",
647,Detectron精读系列之一：学习率的调节和踩坑,"detectron,scaling,called,nbsp,batch",batch
648,如何利用深度学习分类Yelp上的商业图片,"yelp,分类,深度,gaffe,分类器",
649,如何理解深度学习的优化？通过分析梯度下降的轨迹,"梯度,优化,深度,最小值,mdash",
650,机器之心「AI00」三月最新榜单：新增DataRobot与Neuralink,"neuralink,datarobot,三月,ai00,榜单",
651,既能降低传感器成本，又能解决主流传感器性能问题的这家公司被Cruise收购了,"传感器,cruise,收购,strobe,vogt",
652,Synced Global AI Weekly | 2018.11.10—11.16,"synced,global,1116,20181110,weekly",synced
653,详细揭秘来自未来的奇点大学,"奇点,gretton,课程,cosima,这所",
654,【投稿】人类围棋冠军确信他将打败人工智能,"围棋,打败,人工智能,李世石,alphago","人工智能,alphago"
655,谷歌提交ICLR 2017论文：学习记忆罕见事件,"记忆,iclr,2017,论文,谷歌",
656,Angel团队负责人黄明：历时半年，腾讯Angel为了开源都经历了些什么？,"angel,黄明,半年,腾讯,开源",
657,机器之心深度研学社每周干货：2017年第37周,"37,每周,干货,之心,2017",
658,历史课大姐夫&睡了多久客服,"大姐夫,历史课,客服,nan",
659,风口之上，车联网系统到底会不会是“另一个”智能手机系统？,"系统,智能手机,汽车,互联网,上汽",
660,Elon Musk的「人工智能恶魔论」是在中伤这个行业！,"musk,elon,人工智能,恐惧,bringsjord",人工智能
661,百威英博来访观远数据，探讨数据分析与智能算法合作新方向,"百威,观远,英博,智能算法,数据分析",
662,Kevin Kelly解读人工智能狂热：破解超人类人工智能的五个假设,"人工智能,kelly,kevin,心智,智能",人工智能
663,AMD、英特尔为何争相走向胶水多核处理器？,"amd,多核,处理器,英特尔,mcm",英特尔
664,请注意！我们要谈谈神经网络的注意机制和使用方法,"谈谈,神经网络,nbsp,glimpse,stn",神经网络
665,扎克伯格想用 AI 检测仇恨言论？没那么简单,"扎克,伯格,ai,攻击,love",
666,成为数据科学家，到底需要怎样的学历？,"科学家,数据,博士学位,硕士学位,edit",
667,从构建关系网到面试最后一问，这是一份AI公司应聘全面指南,"面试,一问,ai,mdash,面试官",
668,全世界合格的AI人才只有1万人左右，谷歌决定让AI写算法,"万人,全世界,ai,人才,算法",
669,如何只用 NumPy 码一个神经网络,"numpy,只用,神经网络,quot,curr",神经网络
670,快手AR变脸爆红的坚实后盾：自研3D引擎与AI技术平台,"快手,ar,自研,爆红,3d",
671,新版电动SpotMini来了！为波士顿动力疯狂打Call,"spotmini,call,新版,波士顿,动力",
672,《神经网络和深度学习》系列文章二十三：Softmax,"softmax,二十三,神经网络,深度,nbsp",神经网络
673,如何在9000多人的NeurIPS会场优雅地展示Poster,"poster,neurips,9000,多人,嗓门",
674,"2018, 自动驾驶异常艰难的一年","2018,汽车,waymo,uber,测试",waymo
675,Tomaso Poggio深度学习理论：深度网络「过拟合缺失」的本质,"拟合,深度,poggio,tomaso,理论",
676,温和地走进那个良夜：吴恩达团队利用深度学习提升临终关怀服务效用,"良夜,走进,吴恩达,深度,疗护",吴恩达
677,CVPR 2018 Spotlight论文：变分U-Net，可按条件独立变换目标的外观和形状,"变分,net,spotlight,cvpr,论文",
678,那些「寄生」在Watson平台上的创业公司,"watson,平台,美分,开发者,care",
679,半导体下一个黄金十年，谁主沉浮？,"半导体,主沉浮,出货量,芯片,驱动力",
680,"渡鸦音箱独家测评: 代表百度AI技术尊严的DuerOS, 用户体验真的能过关吗？","渡鸦,dueros,测评,真的,百度",
681,Nature Medicine论文展示DeepMind眼疾诊断里程碑：临床专家级、「解决」黑箱问题,"眼疾,medicine,专家级,黑箱,deepmind",deepmind
682,3999元起：华为Mate 20系列正式开售,"mate,华为,3999,元起,开售",
683,经济学人：科技重塑教育，只要谨记这三点,"教育,重塑,科技,alexa,fund",
684,ACL 2018 | 腾讯AI Lab解读多篇入选长文,"多篇,长文,acl,lab,腾讯",
685,在这场智能汽车浪潮中，互联网公司、传统车企、供应商在抢夺的是什么生意,"供应商,汽车,车企,这场,浪潮",
686,业界 | 阿里巴巴“NASA计划”新进展：刷新视觉计算世界纪录,"nasa,阿里巴巴,世界纪录,新进展,视觉",
687,抱歉我们今天想介绍的这篇论文，刚刚中了CVPR 2018最佳论文,"论文,这篇,cvpr,2018,分类法",
688,赛尔原创 | 基于连通图的篇章级事件抽取与相关度计算,"相关度,赛尔,节点,rdquo,ldquo",
689,宝马在慕尼黑建立全新产业园区，加速无人驾驶汽车研究,"宝马,产业园,慕尼黑,汽车,无人驾驶",
690,黄学东：微软是如何利用人工智能技术做好语音识别的,"黄学东,做好,微软,技术,人工智能",人工智能
691,打造法律界的特斯拉,"法律界,特斯拉,atrium,法律,律所",
692,深度学习解决机器阅读理解任务的研究进展,"研究进展,深度,reader,模型,推理",
693,MSRA研究员提出物体关系模块，实现首个完全端到端的物体检测系统,"端到,端的,msra,首个,实现",
694,为什么外星人还没出现？他们可能钻进虚拟世界里了,"虚拟世界,钻进,外星人,宇宙,smart",
695,当无人驾驶带你自在移动，你还愿意挤在昂贵又不健康的城市中心安家过活吗？,"城市,无人驾驶,汽车,机器人,90",
696,手把手：用Python搭建机器学习模型预测黄金价格,"黄金价格,预测,python,模型,etf",
697,【日报·精选】Magic Leap增强现实demo，爬楼梯轮椅，wifi人行道……,"爬楼梯,demo,wifi,magic,leap",
698,DeepMind论文：线性时间的神经机器翻译,"机器翻译,deepmind,论文,bytenet,序列","机器翻译,deepmind"
699,京东城市发起CNCC2018城市计算技术论坛，中日韩共话智能城市未来,"城市,京东,中日韩,计算技术,cncc2018",
700,​获芯片巨头英伟达投资，图森未来打造核心算法，瞄准高级别无人驾驶卡车市场 | 独家调研,"图森,卡车,高级别,无人驾驶,投资",
701,特斯拉的自动驾驶是种什么体验？,"特斯拉,bates,变道,按下,近距离",
702,GeekPwn对抗样本挑战赛冠军队伍开源人脸识别攻击解决方案,"攻击,geekpwn,挑战赛,人脸识别,解决方案",人脸识别
703,面向工程师的机器学习简介：理论、算法、概念全覆盖,"理论,工程师,算法,模型,贝叶斯",
704,为什么硅谷十几年没有新的巨无霸企业崛起？,"十几年,硅谷,企业,facebook,收购",
705,倾听用户心声—京东商城智能评价生态的构建,"京东,智能,欧拉,京豆,平台",
706,图灵奖得主Leslie Lamport教你如何用数学思维编程,"leslie,lamport,图灵奖,数学,编程",
707,马斯克一呼，特朗普一应，美国将对中国汽车增收进口税,"特朗普,马斯克,进口税,一呼,美国",
708,新技术揭示大脑中新生神经元的遗传起源,"神经元,技术,基因,日内瓦大学,flashtag",神经元
709,DeepMind官方确认Master身份：全面回顾AlphaGo的再度出山之旅,"master,alphago,之旅,deepmind,围棋","alphago,deepmind"
710,计算机科学专业毕业？这是给你的职业建议（亮点在最后）,"职业,专业,计算机科学,工作,mdash",
711,全球首例，牛津大学使用机器人进行眼内手术,"牛津大学,机器人,beaver,操纵杆,preceyes",牛津大学
712,想象力的最高境界是不自由,"潘多拉,郑渊洁,what,科幻电影,阿凡",
713,DuerOS加速人工智能生态，小度蓝牙联盟成立,"蓝牙,小度,dueros,人工智能,车载",人工智能
714,计算之源：物理本质揭示出计算机强大抽象能力的秘密,"物理,之源,计算机,deutsch,模拟",
715,人工智能终将取代医生坐诊看病？500位英国医生说不,"坐诊,500,英国,人工智能,ai",人工智能
716,多巴胺：大脑快乐之泉,"多巴胺,之泉,分泌物,听译,wangyue",
717,深度学习虽好，但也有深度的烦恼,"虽好,深度,噪点,图像处理,神经网络","图像处理,神经网络"
718,出门问问：推出虚拟个人助理，永远做有价值的产品,"问问,产品,智能,车载,ticwatch",
719,人工智能的圣杯：关于可解释AI(XAI)的一切,"xai,圣杯,ai,人工智能,维护者",人工智能
720,FusionNet融合三个卷积网络：识别对象从二维升级到三维,"fusionnet,二维,卷积,cnn,3d",卷积
721,IoT 时代消失的 10 样东西,"iot,10,gracenote,pinterest,音乐",
722,彼得·泰尔的神秘大数据公司 Palantir ，如何吞噬市场,"palantir,泰尔,彼得,神秘,数据",
723,ECCV 2018 | 腾讯AI lab提出正交深度特征分解算法：在多个跨年龄人脸识别任务中创造新记录,"人脸识别,正交,多个,eccv,lab",人脸识别
724,论文解读：神经网络修剪最新研究进展,"研究进展,最新,神经网络,论文,fisher",神经网络
725,GMIS 2017大会吴翼演讲：价值迭代网络,"迭代,吴翼,gmis,演讲,2017","迭代,吴翼"
726,LinkedIn高级工程经理、AI负责人龙波：深度学习和宽度学习，我的学习探索之路,"龙波,linkedin,工程,深度,ai",
727,谷歌抛弃波士顿动力，内部矛盾过于激化？,"波士顿,内部矛盾,动力,谷歌,机器人",
728,普林斯顿联手英特尔：用机器学习和高性能计算破解大脑密码,"普林斯顿,密码,高性能,英特尔,fmri",英特尔
729,神经网络的奥秘之优化器的妙用,"优化,神经网络,梯度,动量,迭代","神经网络,动量,迭代"
730,网购者「基因」的破解方法,"基因,购者,购物者,基因组,消费者",
731,深度解读AlphaGo胜利背后的力量：强化学习,"alphago,深度,agent,mdp,游戏",alphago
732,【日报·精选】三大咨询公司如何预测2016,"咨询,三大,预测,2016,日报",
733,OpenAI 呼吁人工智能警察，反对恶意代码,"openai,恶意代码,人工智能,brockman,musk","openai,人工智能"
734,ReQuest: 使用问答数据产生实体关系抽取的间接监督,"request,问答,数据,提述,relation",
735,GMIS 2017 大会刘维演讲：跨越国界，智能机器时代的全球化,"跨越国界,全球化,刘维,gmis,演讲",
736,消除NLP中的刻板印象：程序员之于男性=家政人员之于女性？,"女性,程序员,nlp,偏见,算法",
737,禾多科技宣布A轮融资数千万美元，红杉资本中国基金领投,"红杉,数千万美元,领投,a轮,科技",
738,任正非刚刚回应一切：华为没有遭遇多大困难,"华为,任正非,多大,rdquo,ldquo",
739,柯洁第二局投子认负，独家专访AlphaGo开发者导师Martin Müller,"alphago,ller,martin,柯洁,投子",alphago
740,腾讯云发布新一代数据库，支持企业低成本无缝“上云”,"数据库,上云,低成本,无缝,新一代",
741,十亿年后，当外星人捡到我们,"十亿,外星人,旅行者,萨根,德鲁",
742,这是一份收藏量超过2万6的计算机科学学习笔记,"计算机科学,instrument,quot,public,多态",
743,机器之心深度研学社每周干货：2017年第31周,"31,每周,干货,之心,2017",
744,清华大学、北京语言大学获得 CCL 2018 最佳论文奖,"ccl,清华大学,语言,论文,2018",清华大学
745,《神经网络和深度学习》系列文章二十四：过拟合与正则化（1）,"拟合,二十四,正则,神经网络,深度",神经网络
746,深度学习局限何在？图网络的出现并非偶然,"深度,botvinick,节点,mdash,系统",
747,在数据密集的医疗行业拥抱 AI ，机会很多，挑战不少 | 创业,"医疗,数据,ai,jimenez,annika",
748,安筱鹏：从工业云到工业互联网平台演进的五个阶段 | 深度,"工业,安筱鹏,云到,互联网,平台",
749,牛津大学xDeepMind自然语言处理 第11讲 问答（1）,"牛津大学,xdeepmind,11,问答,自然语言",牛津大学
750,抗噪鲁棒语音识别在Aurora4基准上的机器与人类对比,"aurora4,抗噪鲁棒,基准,vdcrn,抗噪",基准
751,技术概述深度学习：详解前馈、卷积和循环神经网络,"前馈,卷积,神经网络,技术,深度","卷积,神经网络"
752,在菲律宾，他们用3D打印出一套酒店套房,"3d,yakich,lewis,一个多月,比较复杂",
753,马云：人工智能是一种新的思考方式,"马云,人工智能,制造业,金融,技术",人工智能
754,独家专访蚂蚁金服旗下蚂蚁佐罗CEO Toby Rush，揭秘识别同卵多胞胎背后的技术力量,"金服,toby,rush,佐罗,同卵",
755,机器之心专访科大讯飞研究院北京分院副院长王士进,"王士进,科大,专访,之心,nbsp",
756,基于知识图谱的问答系统入门—NLPCC2016KBQA数据集,"nlpcc2016kbqa,问答,图谱,入门,系统",
757,从入门到精通：卷积神经网络初学者指南,"初学者,卷积,入门,神经网络,过滤器","卷积,神经网络"
758,普通程序员如何向人工智能靠拢？,"程序员,人工智能,nbsp,教程,课程",人工智能
759,深层学习为何要“Deep”（下）,"deep,变体,神经网络,节点,xor","神经网络,xor"
760,如何设计奖励函数,"游戏,拾起,模拟,论文,万帧",
761,第四范式发布智能推荐系统先荐，媒体智能转型的专属工具,"先荐,智能,第四,专属,范式",
762,用PyTorch搭建抽取式摘要系统,"摘要,pytorch,系统,nbsp,summarunner",
763,《神经网络和深度学习》系列文章四：神经网络的结构,"神经网络,深度,神经元,隐层,前馈","神经网络,神经元"
764,打造实时数据集成平台——DataPipeline基于Kafka Connect的应用实践,"kafka,datapipeline,connect,平台,数据",
765,北科大成立人工智能研究院，隆克平教授兼任人工智能研究院院长,"北科大,隆克平,人工智能,北京科技大学,工程学院",人工智能
766,英伟达自动驾驶技术解读：用于自动驾驶汽车的端到端深度学习,"汽车,伟达,技术,深度,卷积",卷积
767,任何阶段的学习者都适用的参考：机器学习领域书目全集,"学习者,learning,machine,data,书籍",
768,这些花招让虚拟现实感觉起来更加真实,"感觉,虚拟现实,perlin,虚拟空间,nbsp",虚拟现实
769,囚犯是否能假释？美国15个州用算法来决定,"个州用,15,美国,算法,zeller",
770,NIPS 2017 经典论文奖获得者机器学习「炼金术」说引热议，LeCun发起反驳,"炼金术,获得者,引热议,lecun,nips",
771,计算机领域顶级科学家、学术会议、期刊影响力排名（附国内排名）,"排名,期刊,影响力,计算机领域,学术会议",
772,认识一群用废弃麦当劳劫持卫星的技术考古学家,"考古学家,技术,cowing,keith,nasa",
773,解读R-Net：微软「超越人类」的阅读理解人工智能,"net,微软,人工智能,nbsp,rnn",人工智能
774,如何使用Docker、TensorFlow目标检测API和OpenCV实现实时目标检测和视频处理,"docker,opencv,api,视频,tensorflow","opencv,tensorflow"
775,机器学习：引力波探测的功臣,"引力波,ligo,lisa,短时,卡尔曼滤波",卡尔曼滤波
776,过去一年最有用的6个机器学习项目，你用过几个？,"几个,视频,githubcom,vid2vid,https",
777,"国家级无人驾驶路测管理规范终于颁布了, 技术公司们看到这个风向标了吗？","路测,国家级,无人驾驶,技术,测试",
778,sfdsD test,"sfdsd,test,nan",
779,Magic Leap或再获巨额投资：10亿美金,"magic,leap,亿美金,投资,10",
780,听说读写看，机器学习改变世界的五种方式,"听说读写,计算机,knock,谷歌,病理学家",
781,机器学习+区块链：算法商店Algorithmia推出DanKu，用以太坊合约交易ML模型,"danku,algorithmia,区块,太坊,ml",
782,下一个牛顿会是AI物理学家吗？,"物理学家,牛顿,ai,tegmark,理论",
783,分布式深度学习：神经网络的分布式训练,"分布式,神经网络,深度,参数,平均化","神经网络,参数"
784,论文 ：大脑如何学会搭乘地铁？这对人工智能研究很重要,"论文,人工智能,站点,nbsp,规划","人工智能,规划"
785,新型语义分割模型：动态结构化语义传播网络DSSPN,"dsspn,结构化,模型,神经元,ancestor",神经元
786,脑芯编·五 | 分手？摆脱冯诺依曼的深度学习硬件,"依曼,冯诺,脑芯编,硬件,深度",
787,Peter Norvig：谷歌要成为一家「人工智能优先」公司,"norvig,peter,谷歌,人工智能,尼莫",人工智能
788,Facebook在人工智能的道路上走了多远？,"facebook,人工智能,广告,蒙特利尔,ai",人工智能
789,2018全球汽车AI大会召开，腾讯聚群智谋AI与汽车产业融合之道,"汽车产业,聚群,之道,汽车,腾讯",
790,【CNCC现场报道】英特尔宋继强：家庭健康机器人亟需变革,"宋继强,亟需,cncc,现场报道,机器人",
791,对比神经机器翻译和统计机器翻译：NMT的六大挑战,"机器翻译,nmt,六大,smt,对齐",机器翻译
792,通过拳击学习生成对抗网络（GAN）的基本原理,"基本原理,gan,生成器,nbsp,discriminator",
793,「不作恶」：谷歌员工千人上书CEO抵制五角大楼AI项目,"五角大楼,抵制,千人,谷歌,ceo",
794,Petuum提出序列生成学习算法通用框架,"petuum,序列,框架,算法,提出",petuum
795,创新•变革•突破——2017中国人工智能峰会（CAIS 2017）,"2017,cais,中国,人工智能,南京市",人工智能
796,2018西安硬科技中国AI+医疗创新大会成功在西咸新区沣东新城举办,"新城,西咸,医疗,中国,科技",
797,“噪声对比估计”杂谈：曲径通幽之妙,"之妙,nce,word2vec,rdquo,ldquo",word2vec
798,皮尤报告：人工智能催生「云劳动」，资本主义或将终结,"报告,人工智能,教育,受访者,工作",人工智能
799,Flutter & Dart三端一体化开发,"flutter,dart,三端,客户端,服务端",
800,没有什么内存问题，是一行Python代码解决不了的,"解决不了,python,代码,quot,__",
801,差点被比特币「玩坏」的区块链，全球银行巨头们为何趋之若鹜？,"区块,银行,比特,玩坏,差点",
802,AI工程师必备技能 - 凸优化介绍,"优化,工程师,ai,凸函数,凸集",
803,聊聊“事件抽取”,"聊聊,nbsp,ner,图谱,ace05",
804,如何在Python中快速进行语料库搜索：近似最近邻算法,"语料库,python,算法,nbsp,annoy",语料库
805,流利说 AI 刘扬：从教授到「AI 虚拟老师」,"刘扬,ai,alex,语言,产品",
806,Ian Goodfellow的Quora问答：高歌猛进的机器学习人生,"goodfellow,ian,quora,问答,深度",
807,iPOP：首个基于个性化大数据的个性化医学研究,"ipop,首个,数据,基因组,snyder",
808,如何利用大规模无监督数据建立高水平特征？,"高水平,大规模,数据,神经元,imagenet","神经元,imagenet"
809,山世光：AI产业需要赋能平台,"山世光,赋能,产业,平台,ai",
810,文本生成概述,"nbsp,generation,decoder,proceedings,模型",
811,一文打尽ECCV 2018大会项目亮点,"打尽,eccv,2018,tp,paperpdf",
812,不想做下一个中兴！格力成立新公司布局芯片制造,"格力,做下,不想,芯片,董明珠",
813,把机器学习塞进针尖大小的芯片中：微软开源嵌入式学习库ELL,"ell,塞进,嵌入式,针尖,微软",
814,从概念到实践，我们该如何构建自动微分库,"微分,nodes,inputnode,lt,gt",
815,2016伦敦深度学习峰会观感：人工智能面临的三大难题,"三大,2016,人工智能,深度,hadsell",人工智能
816,融到 3.8 亿的依图，正在人工智能医疗领域做什么？,"依图,融到,38,医疗,人工智能",人工智能
817,变革尚未成功：深度强化学习研究的短期悲观与长期乐观,"深度,游戏,dqn,atari,论文",
818,从供应链优化到差异化定价：机器学习十种方式变革制造业,"制造业,供应链,差异化,优化,salesforce",
819,人与机器人的交互，或许最终会包括性,"机器人,harmony,女性,nbsp,受访者",
820,颠覆传统刑侦画像手段，读取脑波可重建犯罪嫌疑人的脸,"脑波,读取,农业,panda,机器人",
821,这不是会动的魔方，这是MIT的立方体弹跳机器人,"会动,mit,机器人,研究者,塑料瓶",
822,摩尔定律走下神坛，谁会是芯片投资的下一个制胜法则？,"摩尔定律,神坛,投资,芯片,半导体",摩尔定律
823,优秀工程师必备的三大思维，你拥有哪些？,"工程师,三大,产品,功能模块,工作",
824,图解当前最强语言模型BERT：NLP是如何攻克迁移学习的？,"bert,最强,语言,nlp,模型",
825,风头正盛，英特尔智能业务的爆发,"英特尔,智能,芯片,五月,devcon",英特尔
826,博世天猫精灵合作推高端智能音箱，未来博世西门子家电将可语音控制,"博世,天猫,西门子,智能,iotconnect",
827,人工智能的开源模式已经过时，我们需要新的开源模式,"开源,人工智能,产品,数据,系统",人工智能
828,自动驾驶新进展：激光雷达实现突破性小型化,"激光雷达,小型化,突破性,新进展,实现",
829,富士康郭台铭现身斯坦福大学，谈工业人工智能，创立人工智能子公司,"富士康,工业,郭台铭,人工智能,斯坦福大学",人工智能
830,第四范式涂威威：AutoML技术现状与未来展望,"涂威威,第四,automl,范式,技术",
831,如何用深度学习处理结构化数据？,"结构化,数据,深度,nbsp,变量",
832,吴恩达宣布启动AI Fund：1.75亿美金进军AI创投,"fund,ai,175,吴恩达,创投",吴恩达
833,斯坦福NLP团队介绍交互式语言学习：从语言游戏到日程规划,"语言,交互式,游戏,规划,斯坦福",规划
834,腾讯AI Lab & 罗切斯特大学合作提出视频再定位任务,"视频,罗切斯特,lab,腾讯,提出",
835,世界上第一辆由人工智能设计的汽车即将诞生,"第一辆,汽车,人工智能,autodesk,mccoy",人工智能
836,PyTorch第一版中文文档发布,"pytorch,第一版,中文,框架,tensorflow",tensorflow
837,人机大战：AI能帮到医生吗？,"人机,帮到,ai,小新,tb",
838,微软开放小娜：推出两款开发工具提供软硬件支持,"小娜,软硬件,开发工具,两款,微软",
839,吸引工信部部长参与试乘的图森未来，拟在明年进行自动驾驶车队的测试,"试乘,图森,工信部,测试,卡车",
840,5G关键技术之毫米波,"毫米波,关键技术,5g,码元,传输线",
841,腾讯AI Lab首项研究：独特神经网络实现实时视频风格变换,"首项,lab,视频,腾讯,实现",
842,Synced Global AI Weekly | 2018.10.6—10.12,"synced,2018106,1012,global,weekly",synced
843,通往真假和随机之路：如何解决史上最难的逻辑谜题？,"谜题,最难,逻辑,史上,da",逻辑
844,从深度学习研究论文中自动生成可执行源代码,"源代码,论文,深度,keras,caffe",
845,【日报·精选】人工智能帮助销售人员、中国占据机器人销量半壁江山,"销售,半壁江山,中国,日报,机器人",
846,那些开创深度学习的大师们,"深度,hinton,收购,lecun,google",
847,剑桥大学造出了可以「繁殖进化」的机器人,"造出,剑桥大学,机器人,妈咪,自然选择",
848,CVPR 2018 Spotlight论文：单摄像头数秒构建3D人体模型,"人体模型,3d,摄像头,数秒,spotlight",
849,新一代人工智能产业创新重点任务揭榜工作方案,"新一代,产业,工作,人工智能,智能",人工智能
850,2017-2018国际创新创业大赛开始报名，百亿元资金池等你来,"报名,百亿元,2018,2017,创投",
851,如何为时间序列数据优化K-均值聚类速度？,"聚类,序列,优化,数据,nbsp",
852,"从电脑黑客到「脑机接口」创业者, Reardon 用意识替换了键盘和鼠标","reardon,意识,脑机,创业者,黑客",
853,title-1547692653,"1547692653,title,nan",
854,倒计时 2 天 | 全球人工智能黑客马拉松 · 北京站赛题大揭秘!,"赛题,北京站,黑客,人工智能,00",人工智能
855,使用MNIST数据集，在TensorFlow上实现基础LSTM网络,"mnist,lstm,tensorflow,实现,数据",tensorflow
856,克服了这些磨难，深度学习更加优秀,"深度,神经网络,门阵列,可编程,浮点运算",神经网络
857,中科院院士何积丰：先进机器人是颠覆性技术，将改变我们的未来,"何积丰,颠覆性,机器人,中科院,技术",
858,证券行业文件自动化处理,"自动化,证券化,结构化,pdf,数据",
859,双流束网络：北理工提出深度立体匹配新方法,"立体匹配,双流,北理工,提出,深度",
860,阿里发布业务平台解决方案  预计3年内将帮助业务提升10倍效率,"阿里,平台,解决方案,10,ldquo",
861,Geoffrey Hinton 多伦多大学演讲：卷积神经网络存在的问题及其对策,"hinton,geoffrey,多伦多,卷积,演讲",卷积
862,谷歌街景与Cardboard相结合，打造沉浸式虚拟旅游,"cardboard,街景,相结合,谷歌,虚拟现实",虚拟现实
863,全球大学计算机科学与人工智能排名：卡耐基梅隆大学居首,"排名,计算机科学,居首,卡耐基,梅隆",
864,英特尔第一届 AI 开发者大会：从芯片到软件看英特尔 AI 雄心,"英特尔,第一届,ai,开发者,芯片",英特尔
865,Nature长文：我们能打开人工智能的黑箱吗？,"黑箱,长文,nature,人工智能,pomerleau",人工智能
866,图像鉴黄做得好，健康上网少烦恼,"鉴黄,做得好,spnet,locoanet,gcnet",
867,整合全部顶尖目标检测算法：FAIR开源Detectron,"detectron,fair,算法,开源,girshick",
868,光学CNN层替换传统CNN层，超省电,"cnn,光学,超省,层替换,卷积",卷积
869,"这个曾无创业者问津的无人驾驶百亿细分市场, 正被一些破局者悄然占领 | 深度","细分,百亿,创业者,破局,无人驾驶",
870,title-1540450962,"1540450962,title,nan",
871,只有条件GAN才能稳定训练？对抗+自监督的无监督方法了解一下,"gan,鉴别器,fid,ss,模型",
872,高精地图平台Mapbox与墨迹天气共同打造首个高清可视化气象云图,"mapbox,地图,高清,高精,可视化",
873,一文介绍机器学习中基本的数学符号,"数学,希腊字母,索引,逆运算,mathematics",
874,哈工大车万翔：自然语言处理中的深度学习模型是否依赖于树结构？,"树结构,依赖于,车万翔,哈工大,自然语言",
875,Facebook宣布开源Caffe2：可在手机与树莓派上训练和部署模型,"caffe2,树莓,facebook,开源,模型",
876,李航NSR论文：深度学习NLP的现有优势与未来挑战,"nsr,李航,nlp,论文,深度",李航
877,CCAI2018 | 如无必要 勿增实体——机器学习方法、应用与展望,"ccai2018,应用,王立威,病种,医学影像",
878,谷歌如何利用人工智能重塑美国医疗行业？,"重塑,医疗,美国,谷歌,人工智能",人工智能
879,基线系统需要受到更多关注：基于词向量的简单模型 | ACL 2018论文解读,"基线,向量,acl,模型,系统",
880,品途2018·NBI夏季创新峰会 | 新商业崛起的三大参与方式,"nbi,品途,三大,2018,mdash",
881,物体检测算法全概述：从传统检测方法到深度神经网络框架,"框架,算法,神经网络,深度,人脸",神经网络
882,Gartner：2020年30%的网络浏览无需屏幕，VPA将代替人与应用程序、API等互动,"vpa,应用程序,2020,gartner,api",
883,云知声黄伟：如何打造人工智能「云端芯」生态闭环,"黄伟,云知声,闭环,人工智能,芯片","云知声,人工智能"
884,美图董事长蔡文胜斥近亿元入局「快商通」 布局AI整体解决方案领域,"快商通,蔡文胜斥,入局,解决方案,亿元",快商通
885,华盛顿大学视频合成新技术生成了奥巴马的「数字二重身」,"奥巴马,华盛顿大学,视频,技术,nbsp",
886,深度学习及智能助理峰会(伦敦)，第1天亮点,"智能,深度,ai,so,explained",
887,连技术第一的高通都岌岌可危，其他Fabless公司怎么办？,"高通,fabless,技术,专利,芯片",
888,CMU课程上新：Neural Networks for NLP（18年视频课件放出）,"课程,neural,放出,networks,18",
889,最优解的平坦度与鲁棒性，我们该如何度量模型的泛化能力,"泛化,鲁棒性,最优,模型,极小值",
890,中科大&微软提出立体神经风格迁移模型，可用于3D视频风格化,"风格化,中科大,3d,视频,微软",
891,【日报】谷歌联手福特推自动驾驶、螳螂带3D眼镜,"福特,3d,日报,谷歌,燃料电池",
892,马斯克口中2年可达的L5无人车，却被前苹果高管视为「不会出现的存在」,"l5,口中,可达,高管,马斯克",
893,3D视觉机遇在前，安卓阵营的应用突围,"安卓,3d,视觉,应用,旷视",旷视
894,让机器“察言作画”：从语言到视觉|VALSE2018之二,"valse2018,察言,之二,语言,视觉",
895,Velodyne垄断地位不保，挑战者Luminar制造一台激光雷达仅用8分钟,"luminar,激光雷达,velodyne,挑战者,不保",
896,更偏好白人男性？Science新研究证明人工智能也能学会偏见,"偏见,science,人工智能,iat,weat",人工智能
897,Facebook开源全新静态语言Skip，性能如何你不了解下？,"skip,facebook,语言,开源,int",
898,人生苦短，为什么我要用 Python？,"我要,python,39,__,quot",
899,如何解决深度学习中的多体问题,"多体问题,深度,系统,论文,库仑",
900,超级收敛：使用超大学习率超快速训练残差网络,"收敛,超大,率超,残差,nbsp",收敛
901,以深度学习研究基因突变，Deep Genomics完成种子轮融资,"genomics,基因突变,deep,融资,深度",
902,FAIR何恺明等人提出组归一化：替代批归一化，不受批量大小限制,"归一化,何恺明,fair,提出,gn",何恺明
903,英伟达新利剑：发布RTX20系列新显卡，图灵框架铺垫,"显卡,rtx20,图灵,伟达,框架",
904,40行Python代码，实现卷积特征可视化,"40,可视化,卷积,代码,python",卷积
905,闹钟、相框、视讯通话、助眠神器，不务正业的Echo Spot才是智能音箱该有的样子,"spot,echo,视讯,相框,助眠",
906,医疗AI应该更关注「数据」还是「人」？数据工程师反思机器学习模型的力量,"数据,医疗,工程师,模型,ai",
907,美国中情局使用深度学习神经网络预测社会动乱,"美国中情局,预测,神经网络,深度,hallman",神经网络
908,「我已经没有了成长的能力」，这是一家 AI 创业公司的离场告白,"离场,ai,meshfire,lumos,全栈",
909,理工男女的福利，一个神奇的计算机资源网站！（英文技术书籍、教材、课程讲义...）,"书籍,教材,课程,资源,计算机",
910,又一中国工程师被控窃取苹果无人车商业机密? 短短6个月FBI再次介入,"fbi,苹果,短短,工程师,中国",
911,"小鱼在家俨然成为百度的一份子, 带屏音箱只是贴上了大厂牌的标签？","小鱼,厂牌,带屏,百度,小度",
912,大数据推动数字经济：2018中国计算机大会将于杭州萧山举行,"萧山,计算机,中国,2018,数据",
913,马来西亚监狱用人工智能对囚犯进行步态分析,"人工智能,警察局,mimos,连入,系统",人工智能
914,尊重女性：全球顶级AI学术会议NIPS现在要改名了（你也来投一票）,"女性,投一票,nips,学术会议,ai",
915,CMU计算机学院院长：未来24个月，机器学习领域将可能有哪些重大突破,"重大突破,24,cmu,计算机,图谱",
916,MXNet专栏 | 李沐：深度学习·炼丹入门,"mxnet,李沐,专栏,入门,深度","mxnet,李沐"
917,Uber事故案最全剖析：谁该担责？谁在走捷径？大势难挡的自动驾驶应该重拾敬畏之心了！,"uber,事故,难挡,重拾,担责",
918,百度 AI 商业化表面的风光与背后的艰难，正是全员变身「工程派」的开始,"商业化,百度,工程,ai,ar",
919,FAIR 提出常见 GAN 训练方法的替代方法：WGAN,"wgan,训练方法,gan,fair,提出",wgan
920,通向未来人工智能的三条赛道：高性能计算、神经形态计算和量子计算,"量子,高性能,赛道,人工智能,snn",人工智能
921,编译器的「五个十年」发展史,"编译器,发展史,cray,程序员,mpi",
922,哪种特征分析法适合你的任务？Ian Goodfellow提出显著性映射的可用性测试,"显著性,映射,可用性,分析法,goodfellow",映射
923,XGBoost入门系列第一讲,"xgboost,入门,tabindex,yi,节点",xgboost
924,尼古拉斯·特斯拉：疑似穿越者,"特斯拉,尼古拉斯,爱迪生,丹尼尔,吐温",
925,title-1500607549,"1500607549,title,nan",
926,腾讯正式发布带屏智能音箱，搭载叮当全栈 AI 解决方案,"腾讯,全栈,带屏,解决方案,智能",
927,英特尔深度学习产品综述：如何占领人工智能市场,"英特尔,综述,产品,深度,人工智能","英特尔,人工智能"
928,Quora 第一个开放数据集：相似问题对构建语义理解,"quora,第一个,数据,万行,duplicate",
929,巧用 AARRR 模型，吸引优秀技术人才（四）,"人才,aarrr,巧用,技术,模型",
930,NIPS 2018对抗视觉挑战赛结果公布：CMU邢波团队包揽两项冠军,"邢波,cmu,挑战赛,nips,视觉",
931,波士顿动力放出新视频：谁都挡不住机器狗开你的门,"波士顿,放出,挡不住,狗开,动力",
932,面向星际争霸：DeepMind 提出多智能体强化学习新方法,"星际争霸,deepmind,智能,提出,marl",deepmind
933,腾讯首次发布智慧出行战略，推出自动驾驶解决方案,"腾讯,解决方案,合作伙伴,平台,位置服务",
934,中国电动汽车市场正在迎接资本冲击，小鹏汽车或将进账美金6至7亿,"小鹏,电动汽车,汽车,中国,何小鹏",
935,靠眼球运动分析性格？交给 AI | 一周 AI 新闻,"一周,ai,nbsp,波音公司,梅卡瓦",
936,进击的YOLOv3，目标检测网络的巅峰之作 | 内附实景大片,"yolov3,内附,之作,yolo,darknet",
937,纳米技术打造微型机器人，游进人体做手术,"做手术,机器人,外型,sakar,鞭毛",
938,反讽识别综述,"反讽,综述,tweets,sarcasm,rdquo",
939,万字长文揭秘：阿里如何实现海量数据实时分析？,"字长,阿里,实现,数据,analyticdb",
940,通过深度模型加深和拓宽聊天话题，让你与机器多聊两句,"多聊,模型,深度,dawnet,多轮",
941,思岚科技RPLIDAR A3上线，刷新三角测距雷达极限,"a3,rplidar,思岚,科技,font",
942,百度研究院再升级：迎来9位世界级科学家,"世界级,百度,迎来,科学家,ai",
943,车好多CTO张小沛：从高管到一线，如何营造全公司一致的数据价值观,"张小沛,cto,高管,数据,瓜子",
944,为何物理需要艺术的帮助来描绘宇宙？,"艺术,宇宙,物理,列斯,orosz",
945,【日报·精选】谷歌眼镜企业版曝光、英特尔167亿美元重金收购,"167,收购,亿美元,企业,英特尔",英特尔
946,百年老店威科财税如何用AI帮助客户增收 20%？,"威科,老店,20,ai,cch",
947,全民AI时代：干洗店老板、高中生齐上阵,"干洗店,ai,roscoe,mehdi,rdquo",
948,AI@上海——世界人工智能大会全记录,"全记录,ai,人工智能,制造业,智能",人工智能
949,人工智能B端市场：资本寒冬里的新春天,"人工智能,2b,智能,互联网,技术",人工智能
950,教你用Keras和CNN建立模型识别神奇宝贝！（附代码）,"keras,cnn,教你用,代码,模型",
951,2018 NBI Awards星耀计划科创大赛半决赛诞生21强,"科创,星耀,awards,21,nbi",
952,未来20年，地缘政治的新变数居然是它们……,"20,制造业,油价,中国,机器人",
953,应用落地与体验升级是语音交互革命得以实现的唯一途径,"落地,实现,应用,storyline,谷歌",
954,2017电圣人机大战：腾讯「绝艺」再添胜利奖杯,"绝艺,再添,腾讯,2017,一力",
955,数据科学家效率提升必备技巧之Jupyter Notebook篇,"jupyter,notebook,科学家,数据,gist",
956,知因智慧宣布获得1亿元A轮融资，揭牌AI研究院,"知因,a轮,亿元,融资,ai",
957,腾讯AI Lab提出新型损失函数LMCL：可显著增强人脸识别模型的判别能力,"lmcl,人脸识别,lab,腾讯,提出",人脸识别
958,伯克利2018 秋季课程：人工智能导论（视频+PPT+作业）,"课程,ppt,伯克利,视频,2018",
959,中文NLP难于英文？从语言学角度看中文NLP、NLU难在哪里,"中文,nlp,语言学,nlu,角度看",
960,哈工大提出STRCF：克服遮挡和大幅形变的实时视觉追踪算法,"strcf,哈工大,视觉,算法,提出",
961,MySQL8.0新增配置参数详解,"mysql80,参数,新增,默认值,innodb",参数
962,DeepMind论文：在线Segment to Segment神经传导,"segment,deepmind,论文,序列,latent",deepmind
963,「很吓人的技术」GPU Turbo 率先为荣耀 Play 加持，售价 1999 元起 6 月 11 日开售,"荣耀,play,turbo,1999,加持",
964,2017极·科技庙会电音舞台全阵容公布,"电音,科技,2017,nbsp,dj",
965,基于Metal的机器学习框架Bender：可在iOS上运行TensorFlow模型,"bender,ios,metal,框架,tensorflow",tensorflow
966,人工智能趋势图分析,"趋势,人工智能,horvitz,trend,analysis",人工智能
967,解决食品安全问题，“人造食品”或是方向之一,"食品,食品安全,rdquo,ldquo,人造肉",
968,探究双十一背后的智慧物流，灵动科技展现智慧仓储解决方案,"物流,双十,解决方案,科技,amr",
969,活动 | 即使是AI界“网红” 知识图谱也曾经历40年的生不逢时,"图谱,网红,活动,40,ai",
970,变革的开始，深度学习将如何改变医疗成像领域？,"医疗,深度,卷积,cnn,数据",卷积
971,概述性论文：卷积神经网络的近期研究进展,"研究进展,卷积,神经网络,论文,cnn","卷积,神经网络"
972,工程设计+算法规模化真的是AI突破吗？DeepMind唇读系统ICLR遭拒,"唇读,iclr,遭拒,工程设计,真的",
973,芯片群侠传（二）：首个可配置图形处理器 Nvidia NV20,"nv20,nvidia,群侠传,处理器,芯片",
974,互联网集体智慧如何战胜AI？看看当代哲学家怎么说,"哲学家,互联网,ai,vy,pierre",
975,斯坦福开发机器学习脑机接口，帮助猴子打出了莎士比亚名句,"打出,莎士比亚,脑机,斯坦福,bci",
976,人工智能老友记：三巨头论剑深度学习新方向,"论剑,老友记,人工智能,深度,bengio",人工智能
977,吴恩达《机器学习》笔记，哥大研究生献上,"献上,哥大,吴恩达,课程,blei",吴恩达
978,KDD2018 | 电商搜索场景中的强化排序学习：形式化、理论分析以及应用,"形式化,电商,kdd2018,理论,应用",
979,港中文林达华教授：迈出第一步，《人工智能基础（高中版）》是怎样炼成的,"林达华,迈出,高中版,炼成,第一步",
980,来自创新之国以色列的 Emerge 基金会给中国带来什么？,"以色列,emerge,带来,中国,科技",
981,从这个理论推导下去，未来的人工智能是「僵尸」,"理论,人工智能,bringsjord,自我意识,shylock",人工智能
982,日报 | 美军研发无需GPS的定位系统,"美军,gps,定位系统,日报,swiftkey",
983,谷歌展示全新医疗诊断范式：深度学习+AR显微镜=实时检测癌症,"癌症,ar,范式,医疗,谷歌",
984,2018年机器学习和人工智能的主要发展有哪些？2019年会有哪些趋势？,"2019,趋势,2018,人工智能,科学",人工智能
985,MILA 2018夏季深度学习与强化学习课程资源大放送,"课程,mila,大放送,资源,2018",
986,ESRGAN：基于GAN的增强超分辨率方法（附代码解析）,"esrgan,gan,代码,type,39",
987,见闻 | 从达沃斯看人工智能初创企业的生存之道与未来前景,"达沃斯,生存之道,企业,人工智能,论坛",人工智能
988,“聚焦脑科学，引领新智能” —2018世界人工智能大会脑与智能科技主题论坛即将隆重开幕,"智能,脑科学,论坛,引领,隆重开幕",
989,一文简述如何使用嵌套交叉验证方法处理时序数据,"嵌套,数据,参与者,测试,子集",
990,图像语义分割之特征整合和结构预测,"预测,势函数,crf,refinenet,feature",
991,UIC教授刘兵：自然语言处理要更多关注本质性的研究问题,"刘兵,本质性,uic,自然语言,产学研",
992,历经一年，DeepMind WaveNet语音合成技术正式产品化,"wavenet,产品化,deepmind,技术,nbsp",deepmind
993,用几何学提升深度学习模型性能，是计算机视觉研究的未来,"几何学,视觉,计算机,模型,深度",
994,COLING 2018 中文零指代消解：基于注意力机制的模型,"指代,coling,中文,模型,2018",
995,机器之心「AI00」七月榜单：腾讯领投，Pre-A轮融资3.4亿元的芯片创业公司燧原科技,"融资,34,pre,燧原,领投",
996,LSTM入门必读：从入门基础到工作方式详解,"入门,lstm,必读,工作,nbsp",
997,IBM对话设计指南：对话聊天框设计挑战,"ibm,机器人,ui,gui,微信",
998,【日报·精选】谷歌气球即将测试、机器人重金属乐队招募主唱,"测试,日报,机器人,谷歌,毕加索",
999,《神经网络和深度学习》系列文章十四：四个基本方程的证明（自选）,"十四,神经网络,深度,链式法则,zlj","神经网络,链式法则"
